Time(s), Pwr_W1(W), Pwr_W2(W), Pwr_W3(W)
0.0, 0.0000, 0.0000, 0.0000
0.5, 0.0000, 0.0008, 0.0001
1.0, 0.0002, 0.0011, 0.0005
1.5, 0.0003, 0.0013, 0.0007
2.0, 0.0004, 0.0014, 0.0009
2.5, 0.0006, 0.0016, 0.0010
3.0, 0.0007, 0.0017, 0.0012
3.5, 0.0008, 0.0018, 0.0013
4.0, 0.0009, 0.0018, 0.0014
4.5, 0.0010, 0.0019, 0.0015
5.0, 0.0010, 0.0020, 0.0016
5.5, 0.0011, 0.0020, 0.0017
6.0, 0.0012, 0.0020, 0.0018
6.5, 0.0013, 0.0021, 0.0019
7.0, 0.0014, 0.0021, 0.0019
7.5, 0.0015, 0.0022, 0.0020
8.0, 0.0015, 0.0022, 0.0021
8.5, 0.0016, 0.0022, 0.0022
9.0, 0.0017, 0.0022, 0.0022
9.5, 0.0017, 0.0023, 0.0023
10.0, 0.0018, 0.0023, 0.0024
10.5, 0.0019, 0.0023, 0.0024
11.0, 0.0019, 0.0023, 0.0025
11.5, 0.0020, 0.0023, 0.0025
12.0, 0.0020, 0.0024, 0.0026
12.5, 0.0021, 0.0024, 0.0027
13.0, 0.0022, 0.0024, 0.0027
13.5, 0.0022, 0.0024, 0.0028
14.0, 0.0023, 0.0024, 0.0028
14.5, 0.0023, 0.0024, 0.0029
15.0, 0.0024, 0.0024, 0.0029
15.5, 0.0024, 0.0025, 0.0030
16.0, 0.0025, 0.0025, 0.0030
16.5, 0.0025, 0.0025, 0.0031
17.0, 0.0026, 0.0025, 0.0031
17.5, 0.0026, 0.0025, 0.0032
18.0, 0.0027, 0.0025, 0.0032
18.5, 0.0027, 0.0025, 0.0033
19.0, 0.0028, 0.0025, 0.0033
19.5, 0.0028, 0.0026, 0.0034
20.0, 0.0029, 0.0026, 0.0034
20.5, 0.0029, 0.0026, 0.0035
21.0, 0.0029, 0.0026, 0.0035
21.5, 0.0030, 0.0026, 0.0036
22.0, 0.0030, 0.0026, 0.0036
22.5, 0.0031, 0.0026, 0.0037
23.0, 0.0031, 0.0026, 0.0037
23.5, 0.0031, 0.0027, 0.0037
24.0, 0.0032, 0.0027, 0.0038
24.5, 0.0032, 0.0027, 0.0038
25.0, 0.0033, 0.0027, 0.0039
25.5, 0.0033, 0.0027, 0.0039
26.0, 0.0033, 0.0027, 0.0040
26.5, 0.0034, 0.0027, 0.0040
27.0, 0.0034, 0.0027, 0.0040
27.5, 0.0035, 0.0028, 0.0041
28.0, 0.0035, 0.0028, 0.0041
28.5, 0.0035, 0.0028, 0.0042
29.0, 0.0036, 0.0028, 0.0042
29.5, 0.0036, 0.0028, 0.0042
30.0, 0.0036, 0.0028, 0.0043
30.5, 0.0037, 0.0028, 0.0043
31.0, 0.0037, 0.0029, 0.0044
31.5, 0.0037, 0.0029, 0.0044
32.0, 0.0038, 0.0029, 0.0044
32.5, 0.0038, 0.0029, 0.0045
33.0, 0.0038, 0.0029, 0.0045
33.5, 0.0039, 0.0029, 0.0046
34.0, 0.0039, 0.0029, 0.0046
34.5, 0.0039, 0.0030, 0.0046
35.0, 0.0040, 0.0030, 0.0047
35.5, 0.0040, 0.0030, 0.0047
36.0, 0.0040, 0.0030, 0.0047
36.5, 0.0041, 0.0030, 0.0048
37.0, 0.0041, 0.0030, 0.0048
37.5, 0.0041, 0.0030, 0.0049
38.0, 0.0042, 0.0030, 0.0049
38.5, 0.0042, 0.0031, 0.0049
39.0, 0.0042, 0.0031, 0.0050
39.5, 0.0043, 0.0031, 0.0050
40.0, 0.0043, 0.0031, 0.0050
40.5, 0.0043, 0.0031, 0.0051
41.0, 0.0043, 0.0031, 0.0051
41.5, 0.0044, 0.0031, 0.0051
42.0, 0.0044, 0.0032, 0.0052
42.5, 0.0044, 0.0032, 0.0052
43.0, 0.0045, 0.0032, 0.0052
43.5, 0.0045, 0.0032, 0.0053
44.0, 0.0045, 0.0032, 0.0053
44.5, 0.0046, 0.0032, 0.0054
45.0, 0.0046, 0.0032, 0.0054
45.5, 0.0046, 0.0033, 0.0054
46.0, 0.0046, 0.0033, 0.0055
46.5, 0.0047, 0.0033, 0.0055
47.0, 0.0047, 0.0033, 0.0055
47.5, 0.0047, 0.0033, 0.0056
48.0, 0.0048, 0.0033, 0.0056
48.5, 0.0048, 0.0033, 0.0056
49.0, 0.0048, 0.0034, 0.0057
49.5, 0.0048, 0.0034, 0.0057
50.0, 0.0049, 0.0034, 0.0057
50.5, 0.0049, 0.0034, 0.0058
51.0, 0.0049, 0.0034, 0.0058
51.5, 0.0050, 0.0034, 0.0058
52.0, 0.0050, 0.0034, 0.0059
52.5, 0.0050, 0.0035, 0.0059
53.0, 0.0050, 0.0035, 0.0059
53.5, 0.0051, 0.0035, 0.0060
54.0, 0.0051, 0.0035, 0.0060
54.5, 0.0051, 0.0035, 0.0060
55.0, 0.0051, 0.0035, 0.0061
55.5, 0.0052, 0.0035, 0.0061
56.0, 0.0052, 0.0036, 0.0061
56.5, 0.0052, 0.0036, 0.0062
57.0, 0.0053, 0.0036, 0.0062
57.5, 0.0053, 0.0036, 0.0062
58.0, 0.0053, 0.0036, 0.0063
58.5, 0.0053, 0.0036, 0.0063
59.0, 0.0054, 0.0036, 0.0063
59.5, 0.0054, 0.0037, 0.0064
60.0, 0.0054, 0.0037, 0.0064
60.5, 0.0054, 0.0037, 0.0064
61.0, 0.0055, 0.0037, 0.0065
61.5, 0.0055, 0.0037, 0.0065
62.0, 0.0055, 0.0037, 0.0065
62.5, 0.0055, 0.0037, 0.0065
63.0, 0.0056, 0.0038, 0.0066
63.5, 0.0056, 0.0038, 0.0066
64.0, 0.0056, 0.0038, 0.0066
64.5, 0.0056, 0.0038, 0.0067
65.0, 0.0057, 0.0038, 0.0067
65.5, 0.0057, 0.0038, 0.0067
66.0, 0.0057, 0.0038, 0.0068
66.5, 0.0057, 0.0039, 0.0068
67.0, 0.0058, 0.0039, 0.0068
67.5, 0.0058, 0.0039, 0.0069
68.0, 0.0058, 0.0039, 0.0069
68.5, 0.0058, 0.0039, 0.0069
69.0, 0.0059, 0.0039, 0.0070
69.5, 0.0059, 0.0039, 0.0070
70.0, 0.0059, 0.0040, 0.0070
70.5, 0.0059, 0.0040, 0.0070
71.0, 0.0060, 0.0040, 0.0071
71.5, 0.0060, 0.0040, 0.0071
72.0, 0.0060, 0.0040, 0.0071
72.5, 0.0060, 0.0040, 0.0072
73.0, 0.0061, 0.0040, 0.0072
73.5, 0.0061, 0.0040, 0.0072
74.0, 0.0061, 0.0041, 0.0073
74.5, 0.0061, 0.0041, 0.0073
75.0, 0.0062, 0.0041, 0.0073
75.5, 0.0062, 0.0041, 0.0074
76.0, 0.0062, 0.0041, 0.0074
76.5, 0.0062, 0.0041, 0.0074
77.0, 0.0063, 0.0041, 0.0074
77.5, 0.0063, 0.0042, 0.0075
78.0, 0.0063, 0.0042, 0.0075
78.5, 0.0063, 0.0042, 0.0075
79.0, 0.0064, 0.0042, 0.0076
79.5, 0.0064, 0.0042, 0.0076
80.0, 0.0064, 0.0042, 0.0076
80.5, 0.0064, 0.0042, 0.0077
81.0, 0.0065, 0.0042, 0.0077
81.5, 0.0065, 0.0043, 0.0077
82.0, 0.0065, 0.0043, 0.0077
82.5, 0.0065, 0.0043, 0.0078
83.0, 0.0066, 0.0043, 0.0078
83.5, 0.0066, 0.0043, 0.0078
84.0, 0.0066, 0.0043, 0.0079
84.5, 0.0066, 0.0043, 0.0079
85.0, 0.0067, 0.0043, 0.0079
85.5, 0.0067, 0.0044, 0.0080
86.0, 0.0067, 0.0044, 0.0080
86.5, 0.0067, 0.0044, 0.0080
87.0, 0.0067, 0.0044, 0.0080
87.5, 0.0068, 0.0044, 0.0081
88.0, 0.0068, 0.0044, 0.0081
88.5, 0.0068, 0.0044, 0.0081
89.0, 0.0068, 0.0044, 0.0082
89.5, 0.0069, 0.0045, 0.0082
90.0, 0.0069, 0.0045, 0.0082
90.5, 0.0069, 0.0045, 0.0082
91.0, 0.0069, 0.0045, 0.0083
91.5, 0.0070, 0.0045, 0.0083
92.0, 0.0070, 0.0045, 0.0083
92.5, 0.0070, 0.0045, 0.0084
93.0, 0.0070, 0.0045, 0.0084
93.5, 0.0071, 0.0046, 0.0084
94.0, 0.0071, 0.0046, 0.0084
94.5, 0.0071, 0.0046, 0.0085
95.0, 0.0071, 0.0046, 0.0085
95.5, 0.0072, 0.0046, 0.0085
96.0, 0.0072, 0.0046, 0.0086
96.5, 0.0072, 0.0046, 0.0086
97.0, 0.0072, 0.0046, 0.0086
97.5, 0.0072, 0.0046, 0.0086
98.0, 0.0073, 0.0047, 0.0087
98.5, 0.0073, 0.0047, 0.0087
99.0, 0.0073, 0.0047, 0.0087
99.5, 0.0073, 0.0047, 0.0088
100.0, 0.0074, 0.0047, 0.0088
100.5, 0.0074, 0.0047, 0.0088
101.0, 0.0074, 0.0047, 0.0088
101.5, 0.0074, 0.0047, 0.0089
102.0, 0.0075, 0.0047, 0.0089
102.5, 0.0075, 0.0048, 0.0089
103.0, 0.0075, 0.0048, 0.0090
103.5, 0.0075, 0.0048, 0.0090
104.0, 0.0076, 0.0048, 0.0090
104.5, 0.0076, 0.0048, 0.0090
105.0, 0.0076, 0.0048, 0.0091
105.5, 0.0076, 0.0048, 0.0091
106.0, 0.0076, 0.0048, 0.0091
106.5, 0.0077, 0.0048, 0.0092
107.0, 0.0077, 0.0049, 0.0092
107.5, 0.0077, 0.0049, 0.0092
108.0, 0.0077, 0.0049, 0.0092
108.5, 0.0078, 0.0049, 0.0093
109.0, 0.0078, 0.0049, 0.0093
109.5, 0.0078, 0.0049, 0.0093
110.0, 0.0078, 0.0049, 0.0094
110.5, 0.0079, 0.0049, 0.0094
111.0, 0.0079, 0.0049, 0.0094
111.5, 0.0079, 0.0049, 0.0094
112.0, 0.0079, 0.0050, 0.0095
112.5, 0.0079, 0.0050, 0.0095
113.0, 0.0080, 0.0050, 0.0095
113.5, 0.0080, 0.0050, 0.0096
114.0, 0.0080, 0.0050, 0.0096
114.5, 0.0080, 0.0050, 0.0096
115.0, 0.0081, 0.0050, 0.0096
115.5, 0.0081, 0.0050, 0.0097
116.0, 0.0081, 0.0050, 0.0097
116.5, 0.0081, 0.0050, 0.0097
117.0, 0.0082, 0.0051, 0.0097
117.5, 0.0082, 0.0051, 0.0098
118.0, 0.0082, 0.0051, 0.0098
118.5, 0.0082, 0.0051, 0.0098
119.0, 0.0083, 0.0051, 0.0099
119.5, 0.0083, 0.0051, 0.0099
120.0, 0.0083, 0.0051, 0.0099
120.5, 0.0083, 0.0051, 0.0099
121.0, 0.0083, 0.0051, 0.0100
121.5, 0.0084, 0.0051, 0.0100
122.0, 0.0084, 0.0051, 0.0100
122.5, 0.0084, 0.0051, 0.0100
123.0, 0.0084, 0.0052, 0.0101
123.5, 0.0085, 0.0052, 0.0101
124.0, 0.0085, 0.0052, 0.0101
124.5, 0.0085, 0.0052, 0.0102
125.0, 0.0085, 0.0052, 0.0102
125.5, 0.0086, 0.0052, 0.0102
126.0, 0.0086, 0.0052, 0.0102
126.5, 0.0086, 0.0052, 0.0103
127.0, 0.0086, 0.0052, 0.0103
127.5, 0.0086, 0.0052, 0.0103
128.0, 0.0087, 0.0052, 0.0104
128.5, 0.0087, 0.0052, 0.0104
129.0, 0.0087, 0.0053, 0.0104
129.5, 0.0087, 0.0053, 0.0104
130.0, 0.0088, 0.0053, 0.0105
130.5, 0.0088, 0.0053, 0.0105
131.0, 0.0088, 0.0053, 0.0105
131.5, 0.0088, 0.0053, 0.0105
132.0, 0.0089, 0.0053, 0.0106
132.5, 0.0089, 0.0053, 0.0106
133.0, 0.0089, 0.0053, 0.0106
133.5, 0.0089, 0.0053, 0.0106
134.0, 0.0090, 0.0053, 0.0107
134.5, 0.0090, 0.0053, 0.0107
135.0, 0.0090, 0.0053, 0.0107
135.5, 0.0090, 0.0053, 0.0108
136.0, 0.0090, 0.0054, 0.0108
136.5, 0.0091, 0.0054, 0.0108
137.0, 0.0091, 0.0054, 0.0108
137.5, 0.0091, 0.0054, 0.0109
138.0, 0.0091, 0.0054, 0.0109
138.5, 0.0092, 0.0054, 0.0109
139.0, 0.0092, 0.0054, 0.0109
139.5, 0.0092, 0.0054, 0.0110
140.0, 0.0092, 0.0054, 0.0110
140.5, 0.0093, 0.0054, 0.0110
141.0, 0.0093, 0.0054, 0.0111
141.5, 0.0093, 0.0054, 0.0111
142.0, 0.0093, 0.0054, 0.0111
142.5, 0.0094, 0.0054, 0.0111
143.0, 0.0094, 0.0054, 0.0112
143.5, 0.0094, 0.0054, 0.0112
144.0, 0.0094, 0.0055, 0.0112
144.5, 0.0094, 0.0055, 0.0112
145.0, 0.0095, 0.0055, 0.0113
145.5, 0.0095, 0.0055, 0.0113
146.0, 0.0095, 0.0055, 0.0113
146.5, 0.0095, 0.0055, 0.0113
147.0, 0.0096, 0.0055, 0.0114
147.5, 0.0096, 0.0055, 0.0114
148.0, 0.0096, 0.0055, 0.0114
148.5, 0.0096, 0.0055, 0.0115
149.0, 0.0097, 0.0055, 0.0115
149.5, 0.0097, 0.0055, 0.0115
150.0, 0.0097, 0.0055, 0.0115
150.5, 0.0097, 0.0055, 0.0116
151.0, 0.0098, 0.0055, 0.0116
151.5, 0.0098, 0.0055, 0.0116
152.0, 0.0098, 0.0055, 0.0116
152.5, 0.0098, 0.0055, 0.0117
153.0, 0.0099, 0.0055, 0.0117
153.5, 0.0099, 0.0055, 0.0117
154.0, 0.0099, 0.0056, 0.0117
154.5, 0.0099, 0.0056, 0.0118
155.0, 0.0099, 0.0056, 0.0118
155.5, 0.0100, 0.0056, 0.0118
156.0, 0.0100, 0.0056, 0.0119
156.5, 0.0100, 0.0056, 0.0119
157.0, 0.0100, 0.0056, 0.0119
157.5, 0.0101, 0.0056, 0.0119
158.0, 0.0101, 0.0056, 0.0120
158.5, 0.0101, 0.0056, 0.0120
159.0, 0.0101, 0.0056, 0.0120
159.5, 0.0102, 0.0056, 0.0120
160.0, 0.0102, 0.0056, 0.0121
160.5, 0.0102, 0.0056, 0.0121
161.0, 0.0102, 0.0056, 0.0121
161.5, 0.0103, 0.0056, 0.0121
162.0, 0.0103, 0.0056, 0.0122
162.5, 0.0103, 0.0056, 0.0122
163.0, 0.0103, 0.0056, 0.0122
163.5, 0.0104, 0.0056, 0.0122
164.0, 0.0104, 0.0056, 0.0123
164.5, 0.0104, 0.0056, 0.0123
165.0, 0.0104, 0.0056, 0.0123
165.5, 0.0104, 0.0056, 0.0124
166.0, 0.0105, 0.0056, 0.0124
166.5, 0.0105, 0.0056, 0.0124
167.0, 0.0105, 0.0056, 0.0124
167.5, 0.0105, 0.0056, 0.0125
168.0, 0.0106, 0.0056, 0.0125
168.5, 0.0106, 0.0056, 0.0125
169.0, 0.0106, 0.0056, 0.0125
169.5, 0.0106, 0.0056, 0.0126
170.0, 0.0107, 0.0056, 0.0126
170.5, 0.0107, 0.0056, 0.0126
171.0, 0.0107, 0.0056, 0.0126
171.5, 0.0107, 0.0056, 0.0127
172.0, 0.0108, 0.0056, 0.0127
172.5, 0.0108, 0.0056, 0.0127
173.0, 0.0108, 0.0056, 0.0127
173.5, 0.0108, 0.0056, 0.0128
174.0, 0.0109, 0.0056, 0.0128
174.5, 0.0109, 0.0056, 0.0128
175.0, 0.0109, 0.0056, 0.0128
175.5, 0.0109, 0.0056, 0.0129
176.0, 0.0110, 0.0056, 0.0129
176.5, 0.0110, 0.0056, 0.0129
177.0, 0.0110, 0.0056, 0.0130
177.5, 0.0110, 0.0056, 0.0130
178.0, 0.0111, 0.0056, 0.0130
178.5, 0.0111, 0.0056, 0.0130
179.0, 0.0111, 0.0056, 0.0131
179.5, 0.0111, 0.0056, 0.0131
180.0, 0.0112, 0.0056, 0.0131
180.5, 0.0112, 0.0056, 0.0131
181.0, 0.0112, 0.0056, 0.0132
181.5, 0.0112, 0.0056, 0.0132
182.0, 0.0113, 0.0056, 0.0132
182.5, 0.0113, 0.0056, 0.0132
183.0, 0.0113, 0.0056, 0.0133
183.5, 0.0113, 0.0056, 0.0133
184.0, 0.0113, 0.0056, 0.0133
184.5, 0.0114, 0.0056, 0.0133
185.0, 0.0114, 0.0056, 0.0134
185.5, 0.0114, 0.0056, 0.0134
186.0, 0.0114, 0.0056, 0.0134
186.5, 0.0115, 0.0056, 0.0134
187.0, 0.0115, 0.0056, 0.0135
187.5, 0.0115, 0.0056, 0.0135
188.0, 0.0115, 0.0056, 0.0135
188.5, 0.0116, 0.0056, 0.0135
189.0, 0.0116, 0.0056, 0.0136
189.5, 0.0116, 0.0056, 0.0136
190.0, 0.0116, 0.0056, 0.0136
190.5, 0.0117, 0.0056, 0.0136
191.0, 0.0117, 0.0056, 0.0137
191.5, 0.0117, 0.0056, 0.0137
192.0, 0.0117, 0.0056, 0.0137
192.5, 0.0118, 0.0056, 0.0138
193.0, 0.0118, 0.0056, 0.0138
193.5, 0.0118, 0.0056, 0.0138
194.0, 0.0118, 0.0056, 0.0138
194.5, 0.0119, 0.0056, 0.0139
195.0, 0.0119, 0.0056, 0.0139
195.5, 0.0119, 0.0056, 0.0139
196.0, 0.0119, 0.0056, 0.0139
196.5, 0.0120, 0.0056, 0.0140
197.0, 0.0120, 0.0056, 0.0140
197.5, 0.0120, 0.0056, 0.0140
198.0, 0.0120, 0.0056, 0.0140
198.5, 0.0121, 0.0055, 0.0141
199.0, 0.0121, 0.0055, 0.0141
199.5, 0.0121, 0.0055, 0.0141
200.0, 0.0121, 0.0055, 0.0141
200.5, 0.0122, 0.0055, 0.0142
201.0, 0.0122, 0.0055, 0.0142
201.5, 0.0122, 0.0055, 0.0142
202.0, 0.0122, 0.0055, 0.0142
202.5, 0.0123, 0.0055, 0.0143
203.0, 0.0123, 0.0055, 0.0143
203.5, 0.0123, 0.0055, 0.0143
204.0, 0.0123, 0.0055, 0.0143
204.5, 0.0124, 0.0055, 0.0144
205.0, 0.0124, 0.0055, 0.0144
205.5, 0.0124, 0.0055, 0.0144
206.0, 0.0124, 0.0055, 0.0144
206.5, 0.0125, 0.0055, 0.0145
207.0, 0.0125, 0.0054, 0.0145
207.5, 0.0125, 0.0054, 0.0145
208.0, 0.0125, 0.0054, 0.0145
208.5, 0.0126, 0.0054, 0.0146
209.0, 0.0126, 0.0054, 0.0146
209.5, 0.0126, 0.0054, 0.0146
210.0, 0.0127, 0.0054, 0.0146
210.5, 0.0127, 0.0054, 0.0147
211.0, 0.0127, 0.0054, 0.0147
211.5, 0.0127, 0.0054, 0.0147
212.0, 0.0128, 0.0054, 0.0147
212.5, 0.0128, 0.0054, 0.0148
213.0, 0.0128, 0.0054, 0.0148
213.5, 0.0128, 0.0053, 0.0148
214.0, 0.0129, 0.0053, 0.0149
214.5, 0.0129, 0.0053, 0.0149
215.0, 0.0129, 0.0053, 0.0149
215.5, 0.0129, 0.0053, 0.0149
216.0, 0.0130, 0.0053, 0.0150
216.5, 0.0130, 0.0053, 0.0150
217.0, 0.0130, 0.0053, 0.0150
217.5, 0.0130, 0.0053, 0.0150
218.0, 0.0131, 0.0053, 0.0151
218.5, 0.0131, 0.0052, 0.0151
219.0, 0.0131, 0.0052, 0.0151
219.5, 0.0131, 0.0052, 0.0151
220.0, 0.0132, 0.0052, 0.0152
220.5, 0.0132, 0.0052, 0.0152
221.0, 0.0132, 0.0052, 0.0152
221.5, 0.0132, 0.0052, 0.0152
222.0, 0.0133, 0.0052, 0.0153
222.5, 0.0133, 0.0052, 0.0153
223.0, 0.0133, 0.0051, 0.0153
223.5, 0.0133, 0.0051, 0.0153
224.0, 0.0134, 0.0051, 0.0154
224.5, 0.0134, 0.0051, 0.0154
225.0, 0.0134, 0.0051, 0.0154
225.5, 0.0134, 0.0051, 0.0154
226.0, 0.0135, 0.0051, 0.0155
226.5, 0.0135, 0.0050, 0.0155
227.0, 0.0135, 0.0050, 0.0155
227.5, 0.0136, 0.0050, 0.0155
228.0, 0.0136, 0.0050, 0.0156
228.5, 0.0136, 0.0050, 0.0156
229.0, 0.0136, 0.0050, 0.0156
229.5, 0.0137, 0.0050, 0.0156
230.0, 0.0137, 0.0049, 0.0157
230.5, 0.0137, 0.0049, 0.0157
231.0, 0.0137, 0.0049, 0.0157
231.5, 0.0138, 0.0049, 0.0157
232.0, 0.0138, 0.0049, 0.0158
232.5, 0.0138, 0.0049, 0.0158
233.0, 0.0138, 0.0049, 0.0158
233.5, 0.0139, 0.0048, 0.0158
234.0, 0.0139, 0.0048, 0.0159
234.5, 0.0139, 0.0048, 0.0159
235.0, 0.0139, 0.0048, 0.0159
235.5, 0.0140, 0.0048, 0.0159
236.0, 0.0140, 0.0047, 0.0160
236.5, 0.0140, 0.0047, 0.0160
237.0, 0.0140, 0.0047, 0.0160
237.5, 0.0141, 0.0047, 0.0160
238.0, 0.0141, 0.0047, 0.0161
238.5, 0.0141, 0.0047, 0.0161
239.0, 0.0142, 0.0046, 0.0161
239.5, 0.0142, 0.0046, 0.0161
240.0, 0.0142, 0.0046, 0.0162
240.5, 0.0142, 0.0046, 0.0162
241.0, 0.0143, 0.0046, 0.0162
241.5, 0.0143, 0.0045, 0.0162
242.0, 0.0143, 0.0045, 0.0163
242.5, 0.0143, 0.0045, 0.0163
243.0, 0.0144, 0.0045, 0.0163
243.5, 0.0144, 0.0044, 0.0163
244.0, 0.0144, 0.0044, 0.0164
244.5, 0.0144, 0.0044, 0.0164
245.0, 0.0145, 0.0044, 0.0164
245.5, 0.0145, 0.0043, 0.0164
246.0, 0.0145, 0.0043, 0.0165
246.5, 0.0145, 0.0043, 0.0165
247.0, 0.0146, 0.0043, 0.0165
247.5, 0.0146, 0.0042, 0.0165
248.0, 0.0146, 0.0042, 0.0166
248.5, 0.0147, 0.0042, 0.0166
249.0, 0.0147, 0.0042, 0.0166
249.5, 0.0147, 0.0041, 0.0166
250.0, 0.0147, 0.0041, 0.0167
250.5, 0.0148, 0.0041, 0.0167
251.0, 0.0148, 0.0041, 0.0167
251.5, 0.0148, 0.0040, 0.0167
252.0, 0.0148, 0.0040, 0.0168
252.5, 0.0149, 0.0040, 0.0168
253.0, 0.0149, 0.0039, 0.0168
253.5, 0.0149, 0.0039, 0.0168
254.0, 0.0150, 0.0039, 0.0169
254.5, 0.0150, 0.0038, 0.0169
255.0, 0.0150, 0.0038, 0.0169
255.5, 0.0150, 0.0038, 0.0169
256.0, 0.0151, 0.0037, 0.0170
256.5, 0.0151, 0.0037, 0.0170
257.0, 0.0151, 0.0037, 0.0170
257.5, 0.0151, 0.0036, 0.0170
258.0, 0.0152, 0.0036, 0.0171
258.5, 0.0152, 0.0036, 0.0171
259.0, 0.0152, 0.0035, 0.0171
259.5, 0.0152, 0.0035, 0.0171
260.0, 0.0153, 0.0035, 0.0172
260.5, 0.0153, 0.0034, 0.0172
261.0, 0.0153, 0.0034, 0.0172
261.5, 0.0154, 0.0033, 0.0172
262.0, 0.0154, 0.0033, 0.0173
262.5, 0.0154, 0.0032, 0.0173
263.0, 0.0154, 0.0032, 0.0173
263.5, 0.0155, 0.0032, 0.0173
264.0, 0.0155, 0.0031, 0.0174
264.5, 0.0155, 0.0031, 0.0174
265.0, 0.0155, 0.0030, 0.0174
265.5, 0.0156, 0.0030, 0.0174
266.0, 0.0156, 0.0029, 0.0175
266.5, 0.0156, 0.0028, 0.0175
267.0, 0.0157, 0.0028, 0.0175
267.5, 0.0157, 0.0027, 0.0175
268.0, 0.0157, 0.0027, 0.0176
268.5, 0.0157, 0.0026, 0.0176
269.0, 0.0158, 0.0026, 0.0176
269.5, 0.0158, 0.0025, 0.0176
270.0, 0.0158, 0.0024, 0.0177
270.5, 0.0158, 0.0024, 0.0177
271.0, 0.0159, 0.0023, 0.0177
271.5, 0.0159, 0.0022, 0.0177
272.0, 0.0159, 0.0021, 0.0178
272.5, 0.0160, 0.0020, 0.0178
273.0, 0.0160, 0.0020, 0.0178
273.5, 0.0160, 0.0019, 0.0178
274.0, 0.0160, 0.0018, 0.0179
274.5, 0.0161, 0.0016, 0.0179
275.0, 0.0161, 0.0015, 0.0179
275.5, 0.0161, 0.0014, 0.0179
276.0, 0.0161, 0.0013, 0.0180
276.5, 0.0162, 0.0011, 0.0180
277.0, 0.0162, 0.0009, 0.0180
277.5, 0.0162, 0.0006, 0.0180
278.0, 0.0163, 0.0004, 0.0181
278.5, 0.0163, 0.0008, 0.0181
279.0, 0.0163, 0.0010, 0.0181
279.5, 0.0163, 0.0012, 0.0181
280.0, 0.0164, 0.0014, 0.0182
280.5, 0.0164, 0.0015, 0.0182
281.0, 0.0164, 0.0016, 0.0182
281.5, 0.0164, 0.0018, 0.0182
282.0, 0.0165, 0.0019, 0.0183
282.5, 0.0165, 0.0020, 0.0183
283.0, 0.0165, 0.0021, 0.0183
283.5, 0.0166, 0.0022, 0.0183
284.0, 0.0166, 0.0023, 0.0184
284.5, 0.0166, 0.0024, 0.0184
285.0, 0.0166, 0.0024, 0.0184
285.5, 0.0167, 0.0025, 0.0184
286.0, 0.0167, 0.0026, 0.0185
286.5, 0.0167, 0.0027, 0.0185
287.0, 0.0168, 0.0027, 0.0185
287.5, 0.0168, 0.0028, 0.0185
288.0, 0.0168, 0.0029, 0.0186
288.5, 0.0168, 0.0030, 0.0186
289.0, 0.0169, 0.0030, 0.0186
289.5, 0.0169, 0.0031, 0.0186
290.0, 0.0169, 0.0032, 0.0187
290.5, 0.0170, 0.0032, 0.0187
291.0, 0.0170, 0.0033, 0.0187
291.5, 0.0170, 0.0034, 0.0187
292.0, 0.0170, 0.0034, 0.0188
292.5, 0.0171, 0.0035, 0.0188
293.0, 0.0171, 0.0035, 0.0188
293.5, 0.0171, 0.0036, 0.0188
294.0, 0.0171, 0.0037, 0.0189
294.5, 0.0172, 0.0037, 0.0189
295.0, 0.0172, 0.0038, 0.0189
295.5, 0.0172, 0.0038, 0.0189
296.0, 0.0173, 0.0039, 0.0190
296.5, 0.0173, 0.0039, 0.0190
297.0, 0.0173, 0.0040, 0.0190
297.5, 0.0173, 0.0040, 0.0190
298.0, 0.0174, 0.0041, 0.0191
298.5, 0.0174, 0.0042, 0.0191
299.0, 0.0174, 0.0042, 0.0191
299.5, 0.0175, 0.0043, 0.0191
300.0, 0.0175, 0.0043, 0.0192
300.5, 0.0175, 0.0044, 0.0192
301.0, 0.0175, 0.0044, 0.0192
301.5, 0.0176, 0.0045, 0.0192
302.0, 0.0176, 0.0045, 0.0193
302.5, 0.0176, 0.0046, 0.0193
303.0, 0.0177, 0.0046, 0.0193
303.5, 0.0177, 0.0047, 0.0193
304.0, 0.0177, 0.0047, 0.0194
304.5, 0.0177, 0.0048, 0.0194
305.0, 0.0178, 0.0048, 0.0194
305.5, 0.0178, 0.0049, 0.0194
306.0, 0.0178, 0.0049, 0.0195
306.5, 0.0179, 0.0049, 0.0195
307.0, 0.0179, 0.0050, 0.0195
307.5, 0.0179, 0.0050, 0.0195
308.0, 0.0179, 0.0051, 0.0196
308.5, 0.0180, 0.0051, 0.0196
309.0, 0.0180, 0.0052, 0.0196
309.5, 0.0180, 0.0052, 0.0196
310.0, 0.0181, 0.0053, 0.0197
310.5, 0.0181, 0.0053, 0.0197
311.0, 0.0181, 0.0054, 0.0197
311.5, 0.0181, 0.0054, 0.0197
312.0, 0.0182, 0.0055, 0.0198
312.5, 0.0182, 0.0055, 0.0198
313.0, 0.0182, 0.0055, 0.0198
313.5, 0.0183, 0.0056, 0.0198
314.0, 0.0183, 0.0056, 0.0199
314.5, 0.0183, 0.0057, 0.0199
315.0, 0.0183, 0.0057, 0.0199
315.5, 0.0184, 0.0058, 0.0199
316.0, 0.0184, 0.0058, 0.0200
316.5, 0.0184, 0.0058, 0.0200
317.0, 0.0185, 0.0059, 0.0200
317.5, 0.0185, 0.0059, 0.0200
318.0, 0.0185, 0.0060, 0.0201
318.5, 0.0185, 0.0060, 0.0201
319.0, 0.0186, 0.0061, 0.0201
319.5, 0.0186, 0.0061, 0.0201
320.0, 0.0186, 0.0061, 0.0202
320.5, 0.0187, 0.0062, 0.0202
321.0, 0.0187, 0.0062, 0.0202
321.5, 0.0187, 0.0063, 0.0202
322.0, 0.0187, 0.0063, 0.0203
322.5, 0.0188, 0.0063, 0.0203
323.0, 0.0188, 0.0064, 0.0203
323.5, 0.0188, 0.0064, 0.0203
324.0, 0.0189, 0.0065, 0.0204
324.5, 0.0189, 0.0065, 0.0204
325.0, 0.0189, 0.0066, 0.0204
325.5, 0.0189, 0.0066, 0.0204
326.0, 0.0190, 0.0066, 0.0205
326.5, 0.0190, 0.0067, 0.0205
327.0, 0.0190, 0.0067, 0.0205
327.5, 0.0191, 0.0068, 0.0205
328.0, 0.0191, 0.0068, 0.0206
328.5, 0.0191, 0.0068, 0.0206
329.0, 0.0191, 0.0069, 0.0206
329.5, 0.0192, 0.0069, 0.0206
330.0, 0.0192, 0.0070, 0.0207
330.5, 0.0192, 0.0070, 0.0207
331.0, 0.0193, 0.0070, 0.0207
331.5, 0.0193, 0.0071, 0.0207
332.0, 0.0193, 0.0071, 0.0208
332.5, 0.0193, 0.0072, 0.0208
333.0, 0.0194, 0.0072, 0.0208
333.5, 0.0194, 0.0072, 0.0208
334.0, 0.0194, 0.0073, 0.0209
334.5, 0.0195, 0.0073, 0.0209
335.0, 0.0195, 0.0074, 0.0209
335.5, 0.0195, 0.0074, 0.0209
336.0, 0.0196, 0.0074, 0.0210
336.5, 0.0196, 0.0075, 0.0210
337.0, 0.0196, 0.0075, 0.0210
337.5, 0.0196, 0.0075, 0.0210
338.0, 0.0197, 0.0076, 0.0211
338.5, 0.0197, 0.0076, 0.0211
339.0, 0.0197, 0.0077, 0.0211
339.5, 0.0198, 0.0077, 0.0211
340.0, 0.0198, 0.0077, 0.0212
340.5, 0.0198, 0.0078, 0.0212
341.0, 0.0198, 0.0078, 0.0212
341.5, 0.0199, 0.0079, 0.0212
342.0, 0.0199, 0.0079, 0.0213
342.5, 0.0199, 0.0079, 0.0213
343.0, 0.0200, 0.0080, 0.0213
343.5, 0.0200, 0.0080, 0.0213
344.0, 0.0200, 0.0080, 0.0214
344.5, 0.0200, 0.0081, 0.0214
345.0, 0.0201, 0.0081, 0.0214
345.5, 0.0201, 0.0082, 0.0214
346.0, 0.0201, 0.0082, 0.0215
346.5, 0.0202, 0.0082, 0.0215
347.0, 0.0202, 0.0083, 0.0215
347.5, 0.0202, 0.0083, 0.0215
348.0, 0.0203, 0.0083, 0.0216
348.5, 0.0203, 0.0084, 0.0216
349.0, 0.0203, 0.0084, 0.0216
349.5, 0.0203, 0.0085, 0.0216
350.0, 0.0204, 0.0085, 0.0217
350.5, 0.0204, 0.0085, 0.0217
351.0, 0.0204, 0.0086, 0.0217
351.5, 0.0205, 0.0086, 0.0217
352.0, 0.0205, 0.0086, 0.0218
352.5, 0.0205, 0.0087, 0.0218
353.0, 0.0205, 0.0087, 0.0218
353.5, 0.0206, 0.0088, 0.0218
354.0, 0.0206, 0.0088, 0.0219
354.5, 0.0206, 0.0088, 0.0219
355.0, 0.0207, 0.0089, 0.0219
355.5, 0.0207, 0.0089, 0.0219
356.0, 0.0207, 0.0089, 0.0220
356.5, 0.0208, 0.0090, 0.0220
357.0, 0.0208, 0.0090, 0.0220
357.5, 0.0208, 0.0091, 0.0220
358.0, 0.0208, 0.0091, 0.0221
358.5, 0.0209, 0.0091, 0.0221
359.0, 0.0209, 0.0092, 0.0221
359.5, 0.0209, 0.0092, 0.0221
360.0, 0.0210, 0.0092, 0.0222
360.5, 0.0210, 0.0093, 0.0222
361.0, 0.0210, 0.0093, 0.0222
361.5, 0.0211, 0.0093, 0.0222
362.0, 0.0211, 0.0094, 0.0223
362.5, 0.0211, 0.0094, 0.0223
363.0, 0.0211, 0.0095, 0.0223
363.5, 0.0212, 0.0095, 0.0223
364.0, 0.0212, 0.0095, 0.0224
364.5, 0.0212, 0.0096, 0.0224
365.0, 0.0213, 0.0096, 0.0224
365.5, 0.0213, 0.0096, 0.0225
366.0, 0.0213, 0.0097, 0.0225
366.5, 0.0214, 0.0097, 0.0225
367.0, 0.0214, 0.0097, 0.0225
367.5, 0.0214, 0.0098, 0.0226
368.0, 0.0214, 0.0098, 0.0226
368.5, 0.0215, 0.0099, 0.0226
369.0, 0.0215, 0.0099, 0.0226
369.5, 0.0215, 0.0099, 0.0227
370.0, 0.0216, 0.0100, 0.0227
370.5, 0.0216, 0.0100, 0.0227
371.0, 0.0216, 0.0100, 0.0227
371.5, 0.0216, 0.0101, 0.0228
372.0, 0.0217, 0.0101, 0.0228
372.5, 0.0217, 0.0101, 0.0228
373.0, 0.0217, 0.0102, 0.0228
373.5, 0.0218, 0.0102, 0.0229
374.0, 0.0218, 0.0103, 0.0229
374.5, 0.0218, 0.0103, 0.0229
375.0, 0.0219, 0.0103, 0.0229
375.5, 0.0219, 0.0104, 0.0230
376.0, 0.0219, 0.0104, 0.0230
376.5, 0.0219, 0.0104, 0.0230
377.0, 0.0220, 0.0105, 0.0230
377.5, 0.0220, 0.0105, 0.0231
378.0, 0.0220, 0.0105, 0.0231
378.5, 0.0221, 0.0106, 0.0231
379.0, 0.0221, 0.0106, 0.0231
379.5, 0.0221, 0.0106, 0.0232
380.0, 0.0222, 0.0107, 0.0232
380.5, 0.0222, 0.0107, 0.0232
381.0, 0.0222, 0.0108, 0.0232
381.5, 0.0222, 0.0108, 0.0233
382.0, 0.0223, 0.0108, 0.0233
382.5, 0.0223, 0.0109, 0.0233
383.0, 0.0223, 0.0109, 0.0233
383.5, 0.0224, 0.0109, 0.0234
384.0, 0.0224, 0.0110, 0.0234
384.5, 0.0224, 0.0110, 0.0234
385.0, 0.0225, 0.0110, 0.0234
385.5, 0.0225, 0.0111, 0.0235
386.0, 0.0225, 0.0111, 0.0235
386.5, 0.0226, 0.0111, 0.0235
387.0, 0.0226, 0.0112, 0.0235
387.5, 0.0226, 0.0112, 0.0236
388.0, 0.0226, 0.0112, 0.0236
388.5, 0.0227, 0.0113, 0.0236
389.0, 0.0227, 0.0113, 0.0236
389.5, 0.0227, 0.0114, 0.0237
390.0, 0.0228, 0.0114, 0.0237
390.5, 0.0228, 0.0114, 0.0237
391.0, 0.0228, 0.0115, 0.0237
391.5, 0.0229, 0.0115, 0.0238
392.0, 0.0229, 0.0115, 0.0238
392.5, 0.0229, 0.0116, 0.0238
393.0, 0.0229, 0.0116, 0.0238
393.5, 0.0230, 0.0116, 0.0239
394.0, 0.0230, 0.0117, 0.0239
394.5, 0.0230, 0.0117, 0.0239
395.0, 0.0231, 0.0117, 0.0239
395.5, 0.0231, 0.0118, 0.0240
396.0, 0.0231, 0.0118, 0.0240
396.5, 0.0232, 0.0118, 0.0240
397.0, 0.0232, 0.0119, 0.0240
397.5, 0.0232, 0.0119, 0.0241
398.0, 0.0232, 0.0120, 0.0241
398.5, 0.0233, 0.0120, 0.0241
399.0, 0.0233, 0.0120, 0.0241
399.5, 0.0233, 0.0121, 0.0242
400.0, 0.0234, 0.0121, 0.0242
400.5, 0.0234, 0.0121, 0.0242
401.0, 0.0234, 0.0122, 0.0242
401.5, 0.0235, 0.0122, 0.0243
402.0, 0.0235, 0.0122, 0.0243
402.5, 0.0235, 0.0123, 0.0243
403.0, 0.0236, 0.0123, 0.0244
403.5, 0.0236, 0.0123, 0.0244
404.0, 0.0236, 0.0124, 0.0244
404.5, 0.0236, 0.0124, 0.0244
405.0, 0.0237, 0.0124, 0.0245
405.5, 0.0237, 0.0125, 0.0245
406.0, 0.0237, 0.0125, 0.0245
406.5, 0.0238, 0.0125, 0.0245
407.0, 0.0238, 0.0126, 0.0246
407.5, 0.0238, 0.0126, 0.0246
408.0, 0.0239, 0.0127, 0.0246
408.5, 0.0239, 0.0127, 0.0246
409.0, 0.0239, 0.0127, 0.0247
409.5, 0.0239, 0.0128, 0.0247
410.0, 0.0240, 0.0128, 0.0247
410.5, 0.0240, 0.0128, 0.0247
411.0, 0.0240, 0.0129, 0.0248
411.5, 0.0241, 0.0129, 0.0248
412.0, 0.0241, 0.0129, 0.0248
412.5, 0.0241, 0.0130, 0.0248
413.0, 0.0242, 0.0130, 0.0249
413.5, 0.0242, 0.0130, 0.0249
414.0, 0.0242, 0.0131, 0.0249
414.5, 0.0243, 0.0131, 0.0249
415.0, 0.0243, 0.0131, 0.0250
415.5, 0.0243, 0.0132, 0.0250
416.0, 0.0243, 0.0132, 0.0250
416.5, 0.0244, 0.0132, 0.0250
417.0, 0.0244, 0.0133, 0.0251
417.5, 0.0244, 0.0133, 0.0251
418.0, 0.0245, 0.0133, 0.0251
418.5, 0.0245, 0.0134, 0.0251
419.0, 0.0245, 0.0134, 0.0252
419.5, 0.0246, 0.0134, 0.0252
420.0, 0.0246, 0.0135, 0.0252
420.5, 0.0246, 0.0135, 0.0252
421.0, 0.0247, 0.0136, 0.0253
421.5, 0.0247, 0.0136, 0.0253
422.0, 0.0247, 0.0136, 0.0253
422.5, 0.0247, 0.0137, 0.0253
423.0, 0.0248, 0.0137, 0.0254
423.5, 0.0248, 0.0137, 0.0254
424.0, 0.0248, 0.0138, 0.0254
424.5, 0.0249, 0.0138, 0.0255
425.0, 0.0249, 0.0138, 0.0255
425.5, 0.0249, 0.0139, 0.0255
426.0, 0.0250, 0.0139, 0.0255
426.5, 0.0250, 0.0139, 0.0256
427.0, 0.0250, 0.0140, 0.0256
427.5, 0.0251, 0.0140, 0.0256
428.0, 0.0251, 0.0140, 0.0256
428.5, 0.0251, 0.0141, 0.0257
429.0, 0.0251, 0.0141, 0.0257
429.5, 0.0252, 0.0141, 0.0257
430.0, 0.0252, 0.0142, 0.0257
430.5, 0.0252, 0.0142, 0.0258
431.0, 0.0253, 0.0142, 0.0258
431.5, 0.0253, 0.0143, 0.0258
432.0, 0.0253, 0.0143, 0.0258
432.5, 0.0254, 0.0143, 0.0259
433.0, 0.0254, 0.0144, 0.0259
433.5, 0.0254, 0.0144, 0.0259
434.0, 0.0255, 0.0144, 0.0259
434.5, 0.0255, 0.0145, 0.0260
435.0, 0.0255, 0.0145, 0.0260
435.5, 0.0255, 0.0146, 0.0260
436.0, 0.0256, 0.0146, 0.0260
436.5, 0.0256, 0.0146, 0.0261
437.0, 0.0256, 0.0147, 0.0261
437.5, 0.0257, 0.0147, 0.0261
438.0, 0.0257, 0.0147, 0.0261
438.5, 0.0257, 0.0148, 0.0262
439.0, 0.0258, 0.0148, 0.0262
439.5, 0.0258, 0.0148, 0.0262
440.0, 0.0258, 0.0149, 0.0263
440.5, 0.0259, 0.0149, 0.0263
441.0, 0.0259, 0.0149, 0.0263
441.5, 0.0259, 0.0150, 0.0263
442.0, 0.0259, 0.0150, 0.0264
442.5, 0.0260, 0.0150, 0.0264
443.0, 0.0260, 0.0151, 0.0264
443.5, 0.0260, 0.0151, 0.0264
444.0, 0.0261, 0.0151, 0.0265
444.5, 0.0261, 0.0152, 0.0265
445.0, 0.0261, 0.0152, 0.0265
445.5, 0.0262, 0.0152, 0.0265
446.0, 0.0262, 0.0153, 0.0266
446.5, 0.0262, 0.0153, 0.0266
447.0, 0.0263, 0.0153, 0.0266
447.5, 0.0263, 0.0154, 0.0266
448.0, 0.0263, 0.0154, 0.0267
448.5, 0.0264, 0.0154, 0.0267
449.0, 0.0264, 0.0155, 0.0267
449.5, 0.0264, 0.0155, 0.0267
450.0, 0.0264, 0.0155, 0.0268
450.5, 0.0265, 0.0156, 0.0268
451.0, 0.0265, 0.0156, 0.0268
451.5, 0.0265, 0.0156, 0.0268
452.0, 0.0266, 0.0157, 0.0269
452.5, 0.0266, 0.0157, 0.0269
453.0, 0.0266, 0.0157, 0.0269
453.5, 0.0267, 0.0158, 0.0270
454.0, 0.0267, 0.0158, 0.0270
454.5, 0.0267, 0.0159, 0.0270
455.0, 0.0268, 0.0159, 0.0270
455.5, 0.0268, 0.0159, 0.0271
456.0, 0.0268, 0.0160, 0.0271
456.5, 0.0268, 0.0160, 0.0271
457.0, 0.0269, 0.0160, 0.0271
457.5, 0.0269, 0.0161, 0.0272
458.0, 0.0269, 0.0161, 0.0272
458.5, 0.0270, 0.0161, 0.0272
459.0, 0.0270, 0.0162, 0.0272
459.5, 0.0270, 0.0162, 0.0273
460.0, 0.0271, 0.0162, 0.0273
460.5, 0.0271, 0.0163, 0.0273
461.0, 0.0271, 0.0163, 0.0273
461.5, 0.0272, 0.0163, 0.0274
462.0, 0.0272, 0.0164, 0.0274
462.5, 0.0272, 0.0164, 0.0274
463.0, 0.0273, 0.0164, 0.0274
463.5, 0.0273, 0.0165, 0.0275
464.0, 0.0273, 0.0165, 0.0275
464.5, 0.0273, 0.0165, 0.0275
465.0, 0.0274, 0.0166, 0.0276
465.5, 0.0274, 0.0166, 0.0276
466.0, 0.0274, 0.0166, 0.0276
466.5, 0.0275, 0.0167, 0.0276
467.0, 0.0275, 0.0167, 0.0277
467.5, 0.0275, 0.0167, 0.0277
468.0, 0.0276, 0.0168, 0.0277
468.5, 0.0276, 0.0168, 0.0277
469.0, 0.0276, 0.0168, 0.0278
469.5, 0.0277, 0.0169, 0.0278
470.0, 0.0277, 0.0169, 0.0278
470.5, 0.0277, 0.0169, 0.0278
471.0, 0.0278, 0.0170, 0.0279
471.5, 0.0278, 0.0170, 0.0279
472.0, 0.0278, 0.0170, 0.0279
472.5, 0.0278, 0.0171, 0.0279
473.0, 0.0279, 0.0171, 0.0280
473.5, 0.0279, 0.0171, 0.0280
474.0, 0.0279, 0.0172, 0.0280
474.5, 0.0280, 0.0172, 0.0281
475.0, 0.0280, 0.0172, 0.0281
475.5, 0.0280, 0.0173, 0.0281
476.0, 0.0281, 0.0173, 0.0281
476.5, 0.0281, 0.0173, 0.0282
477.0, 0.0281, 0.0174, 0.0282
477.5, 0.0282, 0.0174, 0.0282
478.0, 0.0282, 0.0174, 0.0282
478.5, 0.0282, 0.0175, 0.0283
479.0, 0.0282, 0.0175, 0.0283
479.5, 0.0283, 0.0175, 0.0283
480.0, 0.0283, 0.0176, 0.0283
480.5, 0.0283, 0.0176, 0.0284
481.0, 0.0284, 0.0176, 0.0284
481.5, 0.0284, 0.0177, 0.0284
482.0, 0.0284, 0.0177, 0.0284
482.5, 0.0285, 0.0177, 0.0285
483.0, 0.0285, 0.0178, 0.0285
483.5, 0.0285, 0.0178, 0.0285
484.0, 0.0286, 0.0178, 0.0286
484.5, 0.0286, 0.0179, 0.0286
485.0, 0.0286, 0.0179, 0.0286
485.5, 0.0287, 0.0179, 0.0286
486.0, 0.0287, 0.0180, 0.0287
486.5, 0.0287, 0.0180, 0.0287
487.0, 0.0287, 0.0181, 0.0287
487.5, 0.0288, 0.0181, 0.0287
488.0, 0.0288, 0.0181, 0.0288
488.5, 0.0288, 0.0182, 0.0288
489.0, 0.0289, 0.0182, 0.0288
489.5, 0.0289, 0.0182, 0.0288
490.0, 0.0289, 0.0183, 0.0289
490.5, 0.0290, 0.0183, 0.0289
491.0, 0.0290, 0.0183, 0.0289
491.5, 0.0290, 0.0184, 0.0290
492.0, 0.0291, 0.0184, 0.0290
492.5, 0.0291, 0.0184, 0.0290
493.0, 0.0291, 0.0185, 0.0290
493.5, 0.0292, 0.0185, 0.0291
494.0, 0.0292, 0.0185, 0.0291
494.5, 0.0292, 0.0186, 0.0291
495.0, 0.0292, 0.0186, 0.0291
495.5, 0.0293, 0.0186, 0.0292
496.0, 0.0293, 0.0187, 0.0292
496.5, 0.0293, 0.0187, 0.0292
497.0, 0.0294, 0.0187, 0.0292
497.5, 0.0294, 0.0188, 0.0293
498.0, 0.0294, 0.0188, 0.0293
498.5, 0.0295, 0.0188, 0.0293
499.0, 0.0295, 0.0189, 0.0294
499.5, 0.0295, 0.0189, 0.0294
500.0, 0.0296, 0.0189, 0.0294
500.5, 0.0296, 0.0190, 0.0294
501.0, 0.0296, 0.0190, 0.0295
501.5, 0.0297, 0.0190, 0.0295
502.0, 0.0297, 0.0191, 0.0295
502.5, 0.0297, 0.0191, 0.0295
503.0, 0.0298, 0.0191, 0.0296
503.5, 0.0298, 0.0192, 0.0296
504.0, 0.0298, 0.0192, 0.0296
504.5, 0.0298, 0.0192, 0.0296
505.0, 0.0299, 0.0193, 0.0297
505.5, 0.0299, 0.0193, 0.0297
506.0, 0.0299, 0.0193, 0.0297
506.5, 0.0300, 0.0194, 0.0298
507.0, 0.0300, 0.0194, 0.0298
507.5, 0.0300, 0.0194, 0.0298
508.0, 0.0301, 0.0195, 0.0298
508.5, 0.0301, 0.0195, 0.0299
509.0, 0.0301, 0.0195, 0.0299
509.5, 0.0302, 0.0196, 0.0299
510.0, 0.0302, 0.0196, 0.0299
510.5, 0.0302, 0.0196, 0.0300
511.0, 0.0303, 0.0197, 0.0300
511.5, 0.0303, 0.0197, 0.0300
512.0, 0.0303, 0.0197, 0.0300
512.5, 0.0303, 0.0198, 0.0301
513.0, 0.0304, 0.0198, 0.0301
513.5, 0.0304, 0.0198, 0.0301
514.0, 0.0304, 0.0199, 0.0302
514.5, 0.0305, 0.0199, 0.0302
515.0, 0.0305, 0.0199, 0.0302
515.5, 0.0305, 0.0200, 0.0302
516.0, 0.0306, 0.0200, 0.0303
516.5, 0.0306, 0.0200, 0.0303
517.0, 0.0306, 0.0201, 0.0303
517.5, 0.0307, 0.0201, 0.0303
518.0, 0.0307, 0.0201, 0.0304
518.5, 0.0307, 0.0202, 0.0304
519.0, 0.0308, 0.0202, 0.0304
519.5, 0.0308, 0.0202, 0.0305
520.0, 0.0308, 0.0203, 0.0305
520.5, 0.0308, 0.0203, 0.0305
521.0, 0.0309, 0.0203, 0.0305
521.5, 0.0309, 0.0204, 0.0306
522.0, 0.0309, 0.0204, 0.0306
522.5, 0.0310, 0.0204, 0.0306
523.0, 0.0310, 0.0205, 0.0306
523.5, 0.0310, 0.0205, 0.0307
524.0, 0.0311, 0.0205, 0.0307
524.5, 0.0311, 0.0206, 0.0307
525.0, 0.0311, 0.0206, 0.0308
525.5, 0.0312, 0.0206, 0.0308
526.0, 0.0312, 0.0207, 0.0308
526.5, 0.0312, 0.0207, 0.0308
527.0, 0.0313, 0.0207, 0.0309
527.5, 0.0313, 0.0208, 0.0309
528.0, 0.0313, 0.0208, 0.0309
528.5, 0.0313, 0.0208, 0.0309
529.0, 0.0314, 0.0209, 0.0310
529.5, 0.0314, 0.0209, 0.0310
530.0, 0.0314, 0.0209, 0.0310
530.5, 0.0315, 0.0210, 0.0310
531.0, 0.0315, 0.0210, 0.0311
531.5, 0.0315, 0.0210, 0.0311
532.0, 0.0316, 0.0211, 0.0311
532.5, 0.0316, 0.0211, 0.0312
533.0, 0.0316, 0.0211, 0.0312
533.5, 0.0317, 0.0212, 0.0312
534.0, 0.0317, 0.0212, 0.0312
534.5, 0.0317, 0.0212, 0.0313
535.0, 0.0318, 0.0213, 0.0313
535.5, 0.0318, 0.0213, 0.0313
536.0, 0.0318, 0.0213, 0.0313
536.5, 0.0318, 0.0213, 0.0314
537.0, 0.0319, 0.0214, 0.0314
537.5, 0.0319, 0.0214, 0.0314
538.0, 0.0319, 0.0214, 0.0315
538.5, 0.0320, 0.0215, 0.0315
539.0, 0.0320, 0.0215, 0.0315
539.5, 0.0320, 0.0215, 0.0315
540.0, 0.0321, 0.0216, 0.0316
540.5, 0.0321, 0.0216, 0.0316
541.0, 0.0321, 0.0216, 0.0316
541.5, 0.0322, 0.0217, 0.0316
542.0, 0.0322, 0.0217, 0.0317
542.5, 0.0322, 0.0217, 0.0317
543.0, 0.0323, 0.0218, 0.0317
543.5, 0.0323, 0.0218, 0.0318
544.0, 0.0323, 0.0218, 0.0318
544.5, 0.0323, 0.0219, 0.0318
545.0, 0.0324, 0.0219, 0.0318
545.5, 0.0324, 0.0219, 0.0319
546.0, 0.0324, 0.0220, 0.0319
546.5, 0.0325, 0.0220, 0.0319
547.0, 0.0325, 0.0220, 0.0320
547.5, 0.0325, 0.0221, 0.0320
548.0, 0.0326, 0.0221, 0.0320
548.5, 0.0326, 0.0221, 0.0320
549.0, 0.0326, 0.0222, 0.0321
549.5, 0.0327, 0.0222, 0.0321
550.0, 0.0327, 0.0222, 0.0321
550.5, 0.0327, 0.0223, 0.0321
551.0, 0.0328, 0.0223, 0.0322
551.5, 0.0328, 0.0223, 0.0322
552.0, 0.0328, 0.0224, 0.0322
552.5, 0.0328, 0.0224, 0.0323
553.0, 0.0329, 0.0224, 0.0323
553.5, 0.0329, 0.0225, 0.0323
554.0, 0.0329, 0.0225, 0.0323
554.5, 0.0330, 0.0225, 0.0324
555.0, 0.0330, 0.0226, 0.0324
555.5, 0.0330, 0.0226, 0.0324
556.0, 0.0331, 0.0226, 0.0324
556.5, 0.0331, 0.0227, 0.0325
557.0, 0.0331, 0.0227, 0.0325
557.5, 0.0332, 0.0227, 0.0325
558.0, 0.0332, 0.0228, 0.0326
558.5, 0.0332, 0.0228, 0.0326
559.0, 0.0333, 0.0228, 0.0326
559.5, 0.0333, 0.0229, 0.0326
560.0, 0.0333, 0.0229, 0.0327
560.5, 0.0333, 0.0229, 0.0327
561.0, 0.0334, 0.0230, 0.0327
561.5, 0.0334, 0.0230, 0.0328
562.0, 0.0334, 0.0230, 0.0328
562.5, 0.0335, 0.0231, 0.0328
563.0, 0.0335, 0.0231, 0.0328
563.5, 0.0335, 0.0231, 0.0329
564.0, 0.0336, 0.0232, 0.0329
564.5, 0.0336, 0.0232, 0.0329
565.0, 0.0336, 0.0232, 0.0329
565.5, 0.0337, 0.0232, 0.0330
566.0, 0.0337, 0.0233, 0.0330
566.5, 0.0337, 0.0233, 0.0330
567.0, 0.0338, 0.0233, 0.0331
567.5, 0.0338, 0.0234, 0.0331
568.0, 0.0338, 0.0234, 0.0331
568.5, 0.0338, 0.0234, 0.0331
569.0, 0.0339, 0.0235, 0.0332
569.5, 0.0339, 0.0235, 0.0332
570.0, 0.0339, 0.0235, 0.0332
570.5, 0.0340, 0.0236, 0.0333
571.0, 0.0340, 0.0236, 0.0333
571.5, 0.0340, 0.0236, 0.0333
572.0, 0.0341, 0.0237, 0.0333
572.5, 0.0341, 0.0237, 0.0334
573.0, 0.0341, 0.0237, 0.0334
573.5, 0.0342, 0.0238, 0.0334
574.0, 0.0342, 0.0238, 0.0334
574.5, 0.0342, 0.0238, 0.0335
575.0, 0.0343, 0.0239, 0.0335
575.5, 0.0343, 0.0239, 0.0335
576.0, 0.0343, 0.0239, 0.0336
576.5, 0.0343, 0.0240, 0.0336
577.0, 0.0344, 0.0240, 0.0336
577.5, 0.0344, 0.0240, 0.0336
578.0, 0.0344, 0.0241, 0.0337
578.5, 0.0345, 0.0241, 0.0337
579.0, 0.0345, 0.0241, 0.0337
579.5, 0.0345, 0.0242, 0.0338
580.0, 0.0346, 0.0242, 0.0338
580.5, 0.0346, 0.0242, 0.0338
581.0, 0.0346, 0.0243, 0.0338
581.5, 0.0347, 0.0243, 0.0339
582.0, 0.0347, 0.0243, 0.0339
582.5, 0.0347, 0.0244, 0.0339
583.0, 0.0347, 0.0244, 0.0340
583.5, 0.0348, 0.0244, 0.0340
584.0, 0.0348, 0.0244, 0.0340
584.5, 0.0348, 0.0245, 0.0340
585.0, 0.0349, 0.0245, 0.0341
585.5, 0.0349, 0.0245, 0.0341
586.0, 0.0349, 0.0246, 0.0341
586.5, 0.0350, 0.0246, 0.0341
587.0, 0.0350, 0.0246, 0.0342
587.5, 0.0350, 0.0247, 0.0342
588.0, 0.0351, 0.0247, 0.0342
588.5, 0.0351, 0.0247, 0.0343
589.0, 0.0351, 0.0248, 0.0343
589.5, 0.0352, 0.0248, 0.0343
590.0, 0.0352, 0.0248, 0.0343
590.5, 0.0352, 0.0249, 0.0344
591.0, 0.0352, 0.0249, 0.0344
591.5, 0.0353, 0.0249, 0.0344
592.0, 0.0353, 0.0250, 0.0345
592.5, 0.0353, 0.0250, 0.0345
593.0, 0.0354, 0.0250, 0.0345
593.5, 0.0354, 0.0251, 0.0345
594.0, 0.0354, 0.0251, 0.0346
594.5, 0.0355, 0.0251, 0.0346
595.0, 0.0355, 0.0252, 0.0346
595.5, 0.0355, 0.0252, 0.0347
596.0, 0.0356, 0.0252, 0.0347
596.5, 0.0356, 0.0252, 0.0347
597.0, 0.0356, 0.0253, 0.0347
597.5, 0.0356, 0.0253, 0.0348
598.0, 0.0357, 0.0253, 0.0348
598.5, 0.0357, 0.0254, 0.0348
599.0, 0.0357, 0.0254, 0.0349
599.5, 0.0358, 0.0254, 0.0349
600.0, 0.0358, 0.0255, 0.0349
600.5, 0.0358, 0.0255, 0.0349
601.0, 0.0359, 0.0255, 0.0350
601.5, 0.0359, 0.0256, 0.0350
602.0, 0.0359, 0.0256, 0.0350
602.5, 0.0360, 0.0256, 0.0351
603.0, 0.0360, 0.0257, 0.0351
603.5, 0.0360, 0.0257, 0.0351
604.0, 0.0360, 0.0257, 0.0351
604.5, 0.0361, 0.0258, 0.0352
605.0, 0.0361, 0.0258, 0.0352
605.5, 0.0361, 0.0258, 0.0352
606.0, 0.0362, 0.0259, 0.0353
606.5, 0.0362, 0.0259, 0.0353
607.0, 0.0362, 0.0259, 0.0353
607.5, 0.0363, 0.0260, 0.0353
608.0, 0.0363, 0.0260, 0.0354
608.5, 0.0363, 0.0260, 0.0354
609.0, 0.0364, 0.0260, 0.0354
609.5, 0.0364, 0.0261, 0.0355
610.0, 0.0364, 0.0261, 0.0355
610.5, 0.0364, 0.0261, 0.0355
611.0, 0.0365, 0.0262, 0.0355
611.5, 0.0365, 0.0262, 0.0356
612.0, 0.0365, 0.0262, 0.0356
612.5, 0.0366, 0.0263, 0.0356
613.0, 0.0366, 0.0263, 0.0357
613.5, 0.0366, 0.0263, 0.0357
614.0, 0.0367, 0.0264, 0.0357
614.5, 0.0367, 0.0264, 0.0357
615.0, 0.0367, 0.0264, 0.0358
615.5, 0.0368, 0.0265, 0.0358
616.0, 0.0368, 0.0265, 0.0358
616.5, 0.0368, 0.0265, 0.0359
617.0, 0.0368, 0.0266, 0.0359
617.5, 0.0369, 0.0266, 0.0359
618.0, 0.0369, 0.0266, 0.0359
618.5, 0.0369, 0.0266, 0.0360
619.0, 0.0370, 0.0267, 0.0360
619.5, 0.0370, 0.0267, 0.0360
620.0, 0.0370, 0.0267, 0.0361
620.5, 0.0371, 0.0268, 0.0361
621.0, 0.0371, 0.0268, 0.0361
621.5, 0.0371, 0.0268, 0.0361
622.0, 0.0372, 0.0269, 0.0362
622.5, 0.0372, 0.0269, 0.0362
623.0, 0.0372, 0.0269, 0.0362
623.5, 0.0372, 0.0270, 0.0363
624.0, 0.0373, 0.0270, 0.0363
624.5, 0.0373, 0.0270, 0.0363
625.0, 0.0373, 0.0271, 0.0363
625.5, 0.0374, 0.0271, 0.0364
626.0, 0.0374, 0.0271, 0.0364
626.5, 0.0374, 0.0272, 0.0364
627.0, 0.0375, 0.0272, 0.0365
627.5, 0.0375, 0.0272, 0.0365
628.0, 0.0375, 0.0272, 0.0365
628.5, 0.0375, 0.0273, 0.0365
629.0, 0.0376, 0.0273, 0.0366
629.5, 0.0376, 0.0273, 0.0366
630.0, 0.0376, 0.0274, 0.0366
630.5, 0.0377, 0.0274, 0.0367
631.0, 0.0377, 0.0274, 0.0367
631.5, 0.0377, 0.0275, 0.0367
632.0, 0.0378, 0.0275, 0.0367
632.5, 0.0378, 0.0275, 0.0368
633.0, 0.0378, 0.0276, 0.0368
633.5, 0.0379, 0.0276, 0.0368
634.0, 0.0379, 0.0276, 0.0369
634.5, 0.0379, 0.0277, 0.0369
635.0, 0.0379, 0.0277, 0.0369
635.5, 0.0380, 0.0277, 0.0369
636.0, 0.0380, 0.0277, 0.0370
636.5, 0.0380, 0.0278, 0.0370
637.0, 0.0381, 0.0278, 0.0370
637.5, 0.0381, 0.0278, 0.0371
638.0, 0.0381, 0.0279, 0.0371
638.5, 0.0382, 0.0279, 0.0371
639.0, 0.0382, 0.0279, 0.0372
639.5, 0.0382, 0.0280, 0.0372
640.0, 0.0382, 0.0280, 0.0372
640.5, 0.0383, 0.0280, 0.0372
641.0, 0.0383, 0.0281, 0.0373
641.5, 0.0383, 0.0281, 0.0373
642.0, 0.0384, 0.0281, 0.0373
642.5, 0.0384, 0.0281, 0.0374
643.0, 0.0384, 0.0282, 0.0374
643.5, 0.0385, 0.0282, 0.0374
644.0, 0.0385, 0.0282, 0.0374
644.5, 0.0385, 0.0283, 0.0375
645.0, 0.0386, 0.0283, 0.0375
645.5, 0.0386, 0.0283, 0.0375
646.0, 0.0386, 0.0284, 0.0376
646.5, 0.0386, 0.0284, 0.0376
647.0, 0.0387, 0.0284, 0.0376
647.5, 0.0387, 0.0285, 0.0376
648.0, 0.0387, 0.0285, 0.0377
648.5, 0.0388, 0.0285, 0.0377
649.0, 0.0388, 0.0286, 0.0377
649.5, 0.0388, 0.0286, 0.0378
650.0, 0.0389, 0.0286, 0.0378
650.5, 0.0389, 0.0286, 0.0378
651.0, 0.0389, 0.0287, 0.0379
651.5, 0.0389, 0.0287, 0.0379
652.0, 0.0390, 0.0287, 0.0379
652.5, 0.0390, 0.0288, 0.0379
653.0, 0.0390, 0.0288, 0.0380
653.5, 0.0391, 0.0288, 0.0380
654.0, 0.0391, 0.0289, 0.0380
654.5, 0.0391, 0.0289, 0.0381
655.0, 0.0392, 0.0289, 0.0381
655.5, 0.0392, 0.0290, 0.0381
656.0, 0.0392, 0.0290, 0.0381
656.5, 0.0392, 0.0290, 0.0382
657.0, 0.0393, 0.0290, 0.0382
657.5, 0.0393, 0.0291, 0.0382
658.0, 0.0393, 0.0291, 0.0383
658.5, 0.0394, 0.0291, 0.0383
659.0, 0.0394, 0.0292, 0.0383
659.5, 0.0394, 0.0292, 0.0384
660.0, 0.0395, 0.0292, 0.0384
660.5, 0.0395, 0.0293, 0.0384
661.0, 0.0395, 0.0293, 0.0384
661.5, 0.0395, 0.0293, 0.0385
662.0, 0.0396, 0.0293, 0.0385
662.5, 0.0396, 0.0294, 0.0385
663.0, 0.0396, 0.0294, 0.0386
663.5, 0.0397, 0.0294, 0.0386
664.0, 0.0397, 0.0295, 0.0386
664.5, 0.0397, 0.0295, 0.0386
665.0, 0.0398, 0.0295, 0.0387
665.5, 0.0398, 0.0296, 0.0387
666.0, 0.0398, 0.0296, 0.0387
666.5, 0.0398, 0.0296, 0.0388
667.0, 0.0399, 0.0297, 0.0388
667.5, 0.0399, 0.0297, 0.0388
668.0, 0.0399, 0.0297, 0.0389
668.5, 0.0400, 0.0297, 0.0389
669.0, 0.0400, 0.0298, 0.0389
669.5, 0.0400, 0.0298, 0.0389
670.0, 0.0401, 0.0298, 0.0390
670.5, 0.0401, 0.0299, 0.0390
671.0, 0.0401, 0.0299, 0.0390
671.5, 0.0401, 0.0299, 0.0391
672.0, 0.0402, 0.0300, 0.0391
672.5, 0.0402, 0.0300, 0.0391
673.0, 0.0402, 0.0300, 0.0391
673.5, 0.0403, 0.0300, 0.0392
674.0, 0.0403, 0.0301, 0.0392
674.5, 0.0403, 0.0301, 0.0392
675.0, 0.0404, 0.0301, 0.0393
675.5, 0.0404, 0.0302, 0.0393
676.0, 0.0404, 0.0302, 0.0393
676.5, 0.0404, 0.0302, 0.0394
677.0, 0.0405, 0.0303, 0.0394
677.5, 0.0405, 0.0303, 0.0394
678.0, 0.0405, 0.0303, 0.0394
678.5, 0.0406, 0.0304, 0.0395
679.0, 0.0406, 0.0304, 0.0395
679.5, 0.0406, 0.0304, 0.0395
680.0, 0.0407, 0.0304, 0.0396
680.5, 0.0407, 0.0305, 0.0396
681.0, 0.0407, 0.0305, 0.0396
681.5, 0.0407, 0.0305, 0.0397
682.0, 0.0408, 0.0306, 0.0397
682.5, 0.0408, 0.0306, 0.0397
683.0, 0.0408, 0.0306, 0.0397
683.5, 0.0409, 0.0307, 0.0398
684.0, 0.0409, 0.0307, 0.0398
684.5, 0.0409, 0.0307, 0.0398
685.0, 0.0409, 0.0307, 0.0399
685.5, 0.0410, 0.0308, 0.0399
686.0, 0.0410, 0.0308, 0.0399
686.5, 0.0410, 0.0308, 0.0400
687.0, 0.0411, 0.0309, 0.0400
687.5, 0.0411, 0.0309, 0.0400
688.0, 0.0411, 0.0309, 0.0400
688.5, 0.0412, 0.0310, 0.0401
689.0, 0.0412, 0.0310, 0.0401
689.5, 0.0412, 0.0310, 0.0401
690.0, 0.0412, 0.0310, 0.0402
690.5, 0.0413, 0.0311, 0.0402
691.0, 0.0413, 0.0311, 0.0402
691.5, 0.0413, 0.0311, 0.0403
692.0, 0.0414, 0.0312, 0.0403
692.5, 0.0414, 0.0312, 0.0403
693.0, 0.0414, 0.0312, 0.0403
693.5, 0.0414, 0.0313, 0.0404
694.0, 0.0415, 0.0313, 0.0404
694.5, 0.0415, 0.0313, 0.0404
695.0, 0.0415, 0.0313, 0.0405
695.5, 0.0416, 0.0314, 0.0405
696.0, 0.0416, 0.0314, 0.0405
696.5, 0.0416, 0.0314, 0.0406
697.0, 0.0417, 0.0315, 0.0406
697.5, 0.0417, 0.0315, 0.0406
698.0, 0.0417, 0.0315, 0.0406
698.5, 0.0417, 0.0315, 0.0407
699.0, 0.0418, 0.0316, 0.0407
699.5, 0.0418, 0.0316, 0.0407
700.0, 0.0418, 0.0316, 0.0408
700.5, 0.0419, 0.0317, 0.0408
701.0, 0.0419, 0.0317, 0.0408
701.5, 0.0419, 0.0317, 0.0409
702.0, 0.0419, 0.0318, 0.0409
702.5, 0.0420, 0.0318, 0.0409
703.0, 0.0420, 0.0318, 0.0409
703.5, 0.0420, 0.0318, 0.0410
704.0, 0.0421, 0.0319, 0.0410
704.5, 0.0421, 0.0319, 0.0410
705.0, 0.0421, 0.0319, 0.0411
705.5, 0.0422, 0.0320, 0.0411
706.0, 0.0422, 0.0320, 0.0411
706.5, 0.0422, 0.0320, 0.0412
707.0, 0.0422, 0.0320, 0.0412
707.5, 0.0423, 0.0321, 0.0412
708.0, 0.0423, 0.0321, 0.0412
708.5, 0.0423, 0.0321, 0.0413
709.0, 0.0424, 0.0322, 0.0413
709.5, 0.0424, 0.0322, 0.0413
710.0, 0.0424, 0.0322, 0.0414
710.5, 0.0424, 0.0323, 0.0414
711.0, 0.0425, 0.0323, 0.0414
711.5, 0.0425, 0.0323, 0.0415
712.0, 0.0425, 0.0323, 0.0415
712.5, 0.0426, 0.0324, 0.0415
713.0, 0.0426, 0.0324, 0.0415
713.5, 0.0426, 0.0324, 0.0416
714.0, 0.0426, 0.0325, 0.0416
714.5, 0.0427, 0.0325, 0.0416
715.0, 0.0427, 0.0325, 0.0417
715.5, 0.0427, 0.0325, 0.0417
716.0, 0.0428, 0.0326, 0.0417
716.5, 0.0428, 0.0326, 0.0418
717.0, 0.0428, 0.0326, 0.0418
717.5, 0.0428, 0.0327, 0.0418
718.0, 0.0429, 0.0327, 0.0419
718.5, 0.0429, 0.0327, 0.0419
719.0, 0.0429, 0.0328, 0.0419
719.5, 0.0430, 0.0328, 0.0419
720.0, 0.0430, 0.0328, 0.0420
720.5, 0.0430, 0.0328, 0.0420
721.0, 0.0430, 0.0329, 0.0420
721.5, 0.0431, 0.0329, 0.0421
722.0, 0.0431, 0.0329, 0.0421
722.5, 0.0431, 0.0330, 0.0421
723.0, 0.0432, 0.0330, 0.0422
723.5, 0.0432, 0.0330, 0.0422
724.0, 0.0432, 0.0330, 0.0422
724.5, 0.0432, 0.0331, 0.0422
725.0, 0.0433, 0.0331, 0.0423
725.5, 0.0433, 0.0331, 0.0423
726.0, 0.0433, 0.0332, 0.0423
726.5, 0.0434, 0.0332, 0.0424
727.0, 0.0434, 0.0332, 0.0424
727.5, 0.0434, 0.0332, 0.0424
728.0, 0.0434, 0.0333, 0.0425
728.5, 0.0435, 0.0333, 0.0425
729.0, 0.0435, 0.0333, 0.0425
729.5, 0.0435, 0.0334, 0.0426
730.0, 0.0436, 0.0334, 0.0426
730.5, 0.0436, 0.0334, 0.0426
731.0, 0.0436, 0.0334, 0.0426
731.5, 0.0436, 0.0335, 0.0427
732.0, 0.0437, 0.0335, 0.0427
732.5, 0.0437, 0.0335, 0.0427
733.0, 0.0437, 0.0336, 0.0428
733.5, 0.0438, 0.0336, 0.0428
734.0, 0.0438, 0.0336, 0.0428
734.5, 0.0438, 0.0336, 0.0429
735.0, 0.0438, 0.0337, 0.0429
735.5, 0.0439, 0.0337, 0.0429
736.0, 0.0439, 0.0337, 0.0430
736.5, 0.0439, 0.0338, 0.0430
737.0, 0.0440, 0.0338, 0.0430
737.5, 0.0440, 0.0338, 0.0430
738.0, 0.0440, 0.0338, 0.0431
738.5, 0.0440, 0.0339, 0.0431
739.0, 0.0441, 0.0339, 0.0431
739.5, 0.0441, 0.0339, 0.0432
740.0, 0.0441, 0.0340, 0.0432
740.5, 0.0442, 0.0340, 0.0432
741.0, 0.0442, 0.0340, 0.0433
741.5, 0.0442, 0.0340, 0.0433
742.0, 0.0442, 0.0341, 0.0433
742.5, 0.0443, 0.0341, 0.0434
743.0, 0.0443, 0.0341, 0.0434
743.5, 0.0443, 0.0342, 0.0434
744.0, 0.0444, 0.0342, 0.0434
744.5, 0.0444, 0.0342, 0.0435
745.0, 0.0444, 0.0342, 0.0435
745.5, 0.0444, 0.0343, 0.0435
746.0, 0.0445, 0.0343, 0.0436
746.5, 0.0445, 0.0343, 0.0436
747.0, 0.0445, 0.0344, 0.0436
747.5, 0.0446, 0.0344, 0.0437
748.0, 0.0446, 0.0344, 0.0437
748.5, 0.0446, 0.0344, 0.0437
749.0, 0.0446, 0.0345, 0.0438
749.5, 0.0447, 0.0345, 0.0438
750.0, 0.0447, 0.0345, 0.0438
750.5, 0.0447, 0.0346, 0.0438
751.0, 0.0447, 0.0346, 0.0439
751.5, 0.0448, 0.0346, 0.0439
752.0, 0.0448, 0.0346, 0.0439
752.5, 0.0448, 0.0347, 0.0440
753.0, 0.0449, 0.0347, 0.0440
753.5, 0.0449, 0.0347, 0.0440
754.0, 0.0449, 0.0347, 0.0441
754.5, 0.0449, 0.0348, 0.0441
755.0, 0.0450, 0.0348, 0.0441
755.5, 0.0450, 0.0348, 0.0442
756.0, 0.0450, 0.0349, 0.0442
756.5, 0.0451, 0.0349, 0.0442
757.0, 0.0451, 0.0349, 0.0442
757.5, 0.0451, 0.0349, 0.0443
758.0, 0.0451, 0.0350, 0.0443
758.5, 0.0452, 0.0350, 0.0443
759.0, 0.0452, 0.0350, 0.0444
759.5, 0.0452, 0.0351, 0.0444
760.0, 0.0453, 0.0351, 0.0444
760.5, 0.0453, 0.0351, 0.0445
761.0, 0.0453, 0.0351, 0.0445
761.5, 0.0453, 0.0352, 0.0445
762.0, 0.0454, 0.0352, 0.0446
762.5, 0.0454, 0.0352, 0.0446
763.0, 0.0454, 0.0353, 0.0446
763.5, 0.0454, 0.0353, 0.0447
764.0, 0.0455, 0.0353, 0.0447
764.5, 0.0455, 0.0353, 0.0447
765.0, 0.0455, 0.0354, 0.0447
765.5, 0.0456, 0.0354, 0.0448
766.0, 0.0456, 0.0354, 0.0448
766.5, 0.0456, 0.0354, 0.0448
767.0, 0.0456, 0.0355, 0.0449
767.5, 0.0457, 0.0355, 0.0449
768.0, 0.0457, 0.0355, 0.0449
768.5, 0.0457, 0.0356, 0.0450
769.0, 0.0457, 0.0356, 0.0450
769.5, 0.0458, 0.0356, 0.0450
770.0, 0.0458, 0.0356, 0.0451
770.5, 0.0458, 0.0357, 0.0451
771.0, 0.0459, 0.0357, 0.0451
771.5, 0.0459, 0.0357, 0.0452
772.0, 0.0459, 0.0357, 0.0452
772.5, 0.0459, 0.0358, 0.0452
773.0, 0.0460, 0.0358, 0.0452
773.5, 0.0460, 0.0358, 0.0453
774.0, 0.0460, 0.0359, 0.0453
774.5, 0.0460, 0.0359, 0.0453
775.0, 0.0461, 0.0359, 0.0454
775.5, 0.0461, 0.0359, 0.0454
776.0, 0.0461, 0.0360, 0.0454
776.5, 0.0462, 0.0360, 0.0455
777.0, 0.0462, 0.0360, 0.0455
777.5, 0.0462, 0.0360, 0.0455
778.0, 0.0462, 0.0361, 0.0456
778.5, 0.0463, 0.0361, 0.0456
779.0, 0.0463, 0.0361, 0.0456
779.5, 0.0463, 0.0362, 0.0457
780.0, 0.0463, 0.0362, 0.0457
780.5, 0.0464, 0.0362, 0.0457
781.0, 0.0464, 0.0362, 0.0457
781.5, 0.0464, 0.0363, 0.0458
782.0, 0.0465, 0.0363, 0.0458
782.5, 0.0465, 0.0363, 0.0458
783.0, 0.0465, 0.0363, 0.0459
783.5, 0.0465, 0.0364, 0.0459
784.0, 0.0466, 0.0364, 0.0459
784.5, 0.0466, 0.0364, 0.0460
785.0, 0.0466, 0.0365, 0.0460
785.5, 0.0466, 0.0365, 0.0460
786.0, 0.0467, 0.0365, 0.0461
786.5, 0.0467, 0.0365, 0.0461
787.0, 0.0467, 0.0366, 0.0461
787.5, 0.0468, 0.0366, 0.0462
788.0, 0.0468, 0.0366, 0.0462
788.5, 0.0468, 0.0366, 0.0462
789.0, 0.0468, 0.0367, 0.0462
789.5, 0.0469, 0.0367, 0.0463
790.0, 0.0469, 0.0367, 0.0463
790.5, 0.0469, 0.0368, 0.0463
791.0, 0.0469, 0.0368, 0.0464
791.5, 0.0470, 0.0368, 0.0464
792.0, 0.0470, 0.0368, 0.0464
792.5, 0.0470, 0.0369, 0.0465
793.0, 0.0470, 0.0369, 0.0465
793.5, 0.0471, 0.0369, 0.0465
794.0, 0.0471, 0.0369, 0.0466
794.5, 0.0471, 0.0370, 0.0466
795.0, 0.0472, 0.0370, 0.0466
795.5, 0.0472, 0.0370, 0.0467
796.0, 0.0472, 0.0370, 0.0467
796.5, 0.0472, 0.0371, 0.0467
797.0, 0.0473, 0.0371, 0.0468
797.5, 0.0473, 0.0371, 0.0468
798.0, 0.0473, 0.0372, 0.0468
798.5, 0.0473, 0.0372, 0.0468
799.0, 0.0474, 0.0372, 0.0469
799.5, 0.0474, 0.0372, 0.0469
800.0, 0.0474, 0.0373, 0.0469
800.5, 0.0474, 0.0373, 0.0470
801.0, 0.0475, 0.0373, 0.0470
801.5, 0.0475, 0.0373, 0.0470
802.0, 0.0475, 0.0374, 0.0471
802.5, 0.0476, 0.0374, 0.0471
803.0, 0.0476, 0.0374, 0.0471
803.5, 0.0476, 0.0374, 0.0472
804.0, 0.0476, 0.0375, 0.0472
804.5, 0.0477, 0.0375, 0.0472
805.0, 0.0477, 0.0375, 0.0473
805.5, 0.0477, 0.0376, 0.0473
806.0, 0.0477, 0.0376, 0.0473
806.5, 0.0478, 0.0376, 0.0474
807.0, 0.0478, 0.0376, 0.0474
807.5, 0.0478, 0.0377, 0.0474
808.0, 0.0478, 0.0377, 0.0474
808.5, 0.0479, 0.0377, 0.0475
809.0, 0.0479, 0.0377, 0.0475
809.5, 0.0479, 0.0378, 0.0475
810.0, 0.0479, 0.0378, 0.0476
810.5, 0.0480, 0.0378, 0.0476
811.0, 0.0480, 0.0378, 0.0476
811.5, 0.0480, 0.0379, 0.0477
812.0, 0.0480, 0.0379, 0.0477
812.5, 0.0481, 0.0379, 0.0477
813.0, 0.0481, 0.0379, 0.0478
813.5, 0.0481, 0.0380, 0.0478
814.0, 0.0482, 0.0380, 0.0478
814.5, 0.0482, 0.0380, 0.0479
815.0, 0.0482, 0.0380, 0.0479
815.5, 0.0482, 0.0381, 0.0479
816.0, 0.0483, 0.0381, 0.0480
816.5, 0.0483, 0.0381, 0.0480
817.0, 0.0483, 0.0382, 0.0480
817.5, 0.0483, 0.0382, 0.0481
818.0, 0.0484, 0.0382, 0.0481
818.5, 0.0484, 0.0382, 0.0481
819.0, 0.0484, 0.0383, 0.0481
819.5, 0.0484, 0.0383, 0.0482
820.0, 0.0485, 0.0383, 0.0482
820.5, 0.0485, 0.0383, 0.0482
821.0, 0.0485, 0.0384, 0.0483
821.5, 0.0485, 0.0384, 0.0483
822.0, 0.0486, 0.0384, 0.0483
822.5, 0.0486, 0.0384, 0.0484
823.0, 0.0486, 0.0385, 0.0484
823.5, 0.0486, 0.0385, 0.0484
824.0, 0.0487, 0.0385, 0.0485
824.5, 0.0487, 0.0385, 0.0485
825.0, 0.0487, 0.0386, 0.0485
825.5, 0.0487, 0.0386, 0.0486
826.0, 0.0488, 0.0386, 0.0486
826.5, 0.0488, 0.0386, 0.0486
827.0, 0.0488, 0.0387, 0.0487
827.5, 0.0488, 0.0387, 0.0487
828.0, 0.0489, 0.0387, 0.0487
828.5, 0.0489, 0.0387, 0.0488
829.0, 0.0489, 0.0388, 0.0488
829.5, 0.0490, 0.0388, 0.0488
830.0, 0.0490, 0.0388, 0.0488
830.5, 0.0490, 0.0388, 0.0489
831.0, 0.0490, 0.0389, 0.0489
831.5, 0.0491, 0.0389, 0.0489
832.0, 0.0491, 0.0389, 0.0490
832.5, 0.0491, 0.0389, 0.0490
833.0, 0.0491, 0.0390, 0.0490
833.5, 0.0492, 0.0390, 0.0491
834.0, 0.0492, 0.0390, 0.0491
834.5, 0.0492, 0.0391, 0.0491
835.0, 0.0492, 0.0391, 0.0492
835.5, 0.0493, 0.0391, 0.0492
836.0, 0.0493, 0.0391, 0.0492
836.5, 0.0493, 0.0392, 0.0493
837.0, 0.0493, 0.0392, 0.0493
837.5, 0.0494, 0.0392, 0.0493
838.0, 0.0494, 0.0392, 0.0494
838.5, 0.0494, 0.0393, 0.0494
839.0, 0.0494, 0.0393, 0.0494
839.5, 0.0495, 0.0393, 0.0495
840.0, 0.0495, 0.0393, 0.0495
840.5, 0.0495, 0.0394, 0.0495
841.0, 0.0495, 0.0394, 0.0496
841.5, 0.0496, 0.0394, 0.0496
842.0, 0.0496, 0.0394, 0.0496
842.5, 0.0496, 0.0395, 0.0496
843.0, 0.0496, 0.0395, 0.0497
843.5, 0.0497, 0.0395, 0.0497
844.0, 0.0497, 0.0395, 0.0497
844.5, 0.0497, 0.0396, 0.0498
845.0, 0.0497, 0.0396, 0.0498
845.5, 0.0498, 0.0396, 0.0498
846.0, 0.0498, 0.0396, 0.0499
846.5, 0.0498, 0.0397, 0.0499
847.0, 0.0498, 0.0397, 0.0499
847.5, 0.0499, 0.0397, 0.0500
848.0, 0.0499, 0.0397, 0.0500
848.5, 0.0499, 0.0398, 0.0500
849.0, 0.0499, 0.0398, 0.0501
849.5, 0.0500, 0.0398, 0.0501
850.0, 0.0500, 0.0398, 0.0501
850.5, 0.0500, 0.0399, 0.0502
851.0, 0.0500, 0.0399, 0.0502
851.5, 0.0501, 0.0399, 0.0502
852.0, 0.0501, 0.0399, 0.0503
852.5, 0.0501, 0.0400, 0.0503
853.0, 0.0501, 0.0400, 0.0503
853.5, 0.0502, 0.0400, 0.0504
854.0, 0.0502, 0.0400, 0.0504
854.5, 0.0502, 0.0400, 0.0504
855.0, 0.0502, 0.0401, 0.0505
855.5, 0.0502, 0.0401, 0.0505
856.0, 0.0503, 0.0401, 0.0505
856.5, 0.0503, 0.0401, 0.0505
857.0, 0.0503, 0.0402, 0.0506
857.5, 0.0503, 0.0402, 0.0506
858.0, 0.0504, 0.0402, 0.0506
858.5, 0.0504, 0.0402, 0.0507
859.0, 0.0504, 0.0403, 0.0507
859.5, 0.0504, 0.0403, 0.0507
860.0, 0.0505, 0.0403, 0.0508
860.5, 0.0505, 0.0403, 0.0508
861.0, 0.0505, 0.0404, 0.0508
861.5, 0.0505, 0.0404, 0.0509
862.0, 0.0506, 0.0404, 0.0509
862.5, 0.0506, 0.0404, 0.0509
863.0, 0.0506, 0.0405, 0.0510
863.5, 0.0506, 0.0405, 0.0510
864.0, 0.0507, 0.0405, 0.0510
864.5, 0.0507, 0.0405, 0.0511
865.0, 0.0507, 0.0406, 0.0511
865.5, 0.0507, 0.0406, 0.0511
866.0, 0.0508, 0.0406, 0.0512
866.5, 0.0508, 0.0406, 0.0512
867.0, 0.0508, 0.0407, 0.0512
867.5, 0.0508, 0.0407, 0.0513
868.0, 0.0509, 0.0407, 0.0513
868.5, 0.0509, 0.0407, 0.0513
869.0, 0.0509, 0.0408, 0.0514
869.5, 0.0509, 0.0408, 0.0514
870.0, 0.0509, 0.0408, 0.0514
870.5, 0.0510, 0.0408, 0.0514
871.0, 0.0510, 0.0409, 0.0515
871.5, 0.0510, 0.0409, 0.0515
872.0, 0.0510, 0.0409, 0.0515
872.5, 0.0511, 0.0409, 0.0516
873.0, 0.0511, 0.0409, 0.0516
873.5, 0.0511, 0.0410, 0.0516
874.0, 0.0511, 0.0410, 0.0517
874.5, 0.0512, 0.0410, 0.0517
875.0, 0.0512, 0.0410, 0.0517
875.5, 0.0512, 0.0411, 0.0518
876.0, 0.0512, 0.0411, 0.0518
876.5, 0.0513, 0.0411, 0.0518
877.0, 0.0513, 0.0411, 0.0519
877.5, 0.0513, 0.0412, 0.0519
878.0, 0.0513, 0.0412, 0.0519
878.5, 0.0514, 0.0412, 0.0520
879.0, 0.0514, 0.0412, 0.0520
879.5, 0.0514, 0.0413, 0.0520
880.0, 0.0514, 0.0413, 0.0521
880.5, 0.0514, 0.0413, 0.0521
881.0, 0.0515, 0.0413, 0.0521
881.5, 0.0515, 0.0414, 0.0522
882.0, 0.0515, 0.0414, 0.0522
882.5, 0.0515, 0.0414, 0.0522
883.0, 0.0516, 0.0414, 0.0523
883.5, 0.0516, 0.0414, 0.0523
884.0, 0.0516, 0.0415, 0.0523
884.5, 0.0516, 0.0415, 0.0524
885.0, 0.0517, 0.0415, 0.0524
885.5, 0.0517, 0.0415, 0.0524
886.0, 0.0517, 0.0416, 0.0525
886.5, 0.0517, 0.0416, 0.0525
887.0, 0.0517, 0.0416, 0.0525
887.5, 0.0518, 0.0416, 0.0525
888.0, 0.0518, 0.0417, 0.0526
888.5, 0.0518, 0.0417, 0.0526
889.0, 0.0518, 0.0417, 0.0526
889.5, 0.0519, 0.0417, 0.0527
890.0, 0.0519, 0.0417, 0.0527
890.5, 0.0519, 0.0418, 0.0527
891.0, 0.0519, 0.0418, 0.0528
891.5, 0.0520, 0.0418, 0.0528
892.0, 0.0520, 0.0418, 0.0528
892.5, 0.0520, 0.0419, 0.0529
893.0, 0.0520, 0.0419, 0.0529
893.5, 0.0520, 0.0419, 0.0529
894.0, 0.0521, 0.0419, 0.0530
894.5, 0.0521, 0.0420, 0.0530
895.0, 0.0521, 0.0420, 0.0530
895.5, 0.0521, 0.0420, 0.0531
896.0, 0.0522, 0.0420, 0.0531
896.5, 0.0522, 0.0420, 0.0531
897.0, 0.0522, 0.0421, 0.0532
897.5, 0.0522, 0.0421, 0.0532
898.0, 0.0523, 0.0421, 0.0532
898.5, 0.0523, 0.0421, 0.0533
899.0, 0.0523, 0.0422, 0.0533
899.5, 0.0523, 0.0422, 0.0533
900.0, 0.0523, 0.0422, 0.0534
900.5, 0.0524, 0.0422, 0.0534
901.0, 0.0524, 0.0423, 0.0534
901.5, 0.0524, 0.0423, 0.0535
902.0, 0.0524, 0.0423, 0.0535
902.5, 0.0525, 0.0423, 0.0535
903.0, 0.0525, 0.0423, 0.0536
903.5, 0.0525, 0.0424, 0.0536
904.0, 0.0525, 0.0424, 0.0536
904.5, 0.0525, 0.0424, 0.0537
905.0, 0.0526, 0.0424, 0.0537
905.5, 0.0526, 0.0425, 0.0537
906.0, 0.0526, 0.0425, 0.0537
906.5, 0.0526, 0.0425, 0.0538
907.0, 0.0527, 0.0425, 0.0538
907.5, 0.0527, 0.0425, 0.0538
908.0, 0.0527, 0.0426, 0.0539
908.5, 0.0527, 0.0426, 0.0539
909.0, 0.0527, 0.0426, 0.0539
909.5, 0.0528, 0.0426, 0.0540
910.0, 0.0528, 0.0427, 0.0540
910.5, 0.0528, 0.0427, 0.0540
911.0, 0.0528, 0.0427, 0.0541
911.5, 0.0529, 0.0427, 0.0541
912.0, 0.0529, 0.0428, 0.0541
912.5, 0.0529, 0.0428, 0.0542
913.0, 0.0529, 0.0428, 0.0542
913.5, 0.0529, 0.0428, 0.0542
914.0, 0.0530, 0.0428, 0.0543
914.5, 0.0530, 0.0429, 0.0543
915.0, 0.0530, 0.0429, 0.0543
915.5, 0.0530, 0.0429, 0.0544
916.0, 0.0531, 0.0429, 0.0544
916.5, 0.0531, 0.0430, 0.0544
917.0, 0.0531, 0.0430, 0.0545
917.5, 0.0531, 0.0430, 0.0545
918.0, 0.0531, 0.0430, 0.0545
918.5, 0.0532, 0.0430, 0.0546
919.0, 0.0532, 0.0431, 0.0546
919.5, 0.0532, 0.0431, 0.0546
920.0, 0.0532, 0.0431, 0.0547
920.5, 0.0532, 0.0431, 0.0547
921.0, 0.0533, 0.0432, 0.0547
921.5, 0.0533, 0.0432, 0.0548
922.0, 0.0533, 0.0432, 0.0548
922.5, 0.0533, 0.0432, 0.0548
923.0, 0.0534, 0.0432, 0.0549
923.5, 0.0534, 0.0433, 0.0549
924.0, 0.0534, 0.0433, 0.0549
924.5, 0.0534, 0.0433, 0.0550
925.0, 0.0534, 0.0433, 0.0550
925.5, 0.0535, 0.0433, 0.0550
926.0, 0.0535, 0.0434, 0.0550
926.5, 0.0535, 0.0434, 0.0551
927.0, 0.0535, 0.0434, 0.0551
927.5, 0.0535, 0.0434, 0.0551
928.0, 0.0536, 0.0435, 0.0552
928.5, 0.0536, 0.0435, 0.0552
929.0, 0.0536, 0.0435, 0.0552
929.5, 0.0536, 0.0435, 0.0553
930.0, 0.0537, 0.0435, 0.0553
930.5, 0.0537, 0.0436, 0.0553
931.0, 0.0537, 0.0436, 0.0554
931.5, 0.0537, 0.0436, 0.0554
932.0, 0.0537, 0.0436, 0.0554
932.5, 0.0538, 0.0437, 0.0555
933.0, 0.0538, 0.0437, 0.0555
933.5, 0.0538, 0.0437, 0.0555
934.0, 0.0538, 0.0437, 0.0556
934.5, 0.0538, 0.0437, 0.0556
935.0, 0.0539, 0.0438, 0.0556
935.5, 0.0539, 0.0438, 0.0557
936.0, 0.0539, 0.0438, 0.0557
936.5, 0.0539, 0.0438, 0.0557
937.0, 0.0539, 0.0438, 0.0558
937.5, 0.0540, 0.0439, 0.0558
938.0, 0.0540, 0.0439, 0.0558
938.5, 0.0540, 0.0439, 0.0559
939.0, 0.0540, 0.0439, 0.0559
939.5, 0.0541, 0.0440, 0.0559
940.0, 0.0541, 0.0440, 0.0560
940.5, 0.0541, 0.0440, 0.0560
941.0, 0.0541, 0.0440, 0.0560
941.5, 0.0541, 0.0440, 0.0561
942.0, 0.0542, 0.0441, 0.0561
942.5, 0.0542, 0.0441, 0.0561
943.0, 0.0542, 0.0441, 0.0562
943.5, 0.0542, 0.0441, 0.0562
944.0, 0.0542, 0.0441, 0.0562
944.5, 0.0543, 0.0442, 0.0563
945.0, 0.0543, 0.0442, 0.0563
945.5, 0.0543, 0.0442, 0.0563
946.0, 0.0543, 0.0442, 0.0564
946.5, 0.0543, 0.0442, 0.0564
947.0, 0.0544, 0.0443, 0.0564
947.5, 0.0544, 0.0443, 0.0564
948.0, 0.0544, 0.0443, 0.0565
948.5, 0.0544, 0.0443, 0.0565
949.0, 0.0544, 0.0444, 0.0565
949.5, 0.0545, 0.0444, 0.0566
950.0, 0.0545, 0.0444, 0.0566
950.5, 0.0545, 0.0444, 0.0566
951.0, 0.0545, 0.0444, 0.0567
951.5, 0.0545, 0.0445, 0.0567
952.0, 0.0546, 0.0445, 0.0567
952.5, 0.0546, 0.0445, 0.0568
953.0, 0.0546, 0.0445, 0.0568
953.5, 0.0546, 0.0445, 0.0568
954.0, 0.0546, 0.0446, 0.0569
954.5, 0.0547, 0.0446, 0.0569
955.0, 0.0547, 0.0446, 0.0569
955.5, 0.0547, 0.0446, 0.0570
956.0, 0.0547, 0.0446, 0.0570
956.5, 0.0547, 0.0447, 0.0570
957.0, 0.0548, 0.0447, 0.0571
957.5, 0.0548, 0.0447, 0.0571
958.0, 0.0548, 0.0447, 0.0571
958.5, 0.0548, 0.0447, 0.0572
959.0, 0.0548, 0.0448, 0.0572
959.5, 0.0549, 0.0448, 0.0572
960.0, 0.0549, 0.0448, 0.0573
960.5, 0.0549, 0.0448, 0.0573
961.0, 0.0549, 0.0448, 0.0573
961.5, 0.0549, 0.0449, 0.0574
962.0, 0.0550, 0.0449, 0.0574
962.5, 0.0550, 0.0449, 0.0574
963.0, 0.0550, 0.0449, 0.0575
963.5, 0.0550, 0.0449, 0.0575
964.0, 0.0550, 0.0450, 0.0575
964.5, 0.0551, 0.0450, 0.0576
965.0, 0.0551, 0.0450, 0.0576
965.5, 0.0551, 0.0450, 0.0576
966.0, 0.0551, 0.0450, 0.0577
966.5, 0.0551, 0.0451, 0.0577
967.0, 0.0552, 0.0451, 0.0577
967.5, 0.0552, 0.0451, 0.0578
968.0, 0.0552, 0.0451, 0.0578
968.5, 0.0552, 0.0451, 0.0578
969.0, 0.0552, 0.0452, 0.0578
969.5, 0.0552, 0.0452, 0.0579
970.0, 0.0553, 0.0452, 0.0579
970.5, 0.0553, 0.0452, 0.0579
971.0, 0.0553, 0.0452, 0.0580
971.5, 0.0553, 0.0453, 0.0580
972.0, 0.0553, 0.0453, 0.0580
972.5, 0.0554, 0.0453, 0.0581
973.0, 0.0554, 0.0453, 0.0581
973.5, 0.0554, 0.0453, 0.0581
974.0, 0.0554, 0.0454, 0.0582
974.5, 0.0554, 0.0454, 0.0582
975.0, 0.0555, 0.0454, 0.0582
975.5, 0.0555, 0.0454, 0.0583
976.0, 0.0555, 0.0454, 0.0583
976.5, 0.0555, 0.0455, 0.0583
977.0, 0.0555, 0.0455, 0.0584
977.5, 0.0556, 0.0455, 0.0584
978.0, 0.0556, 0.0455, 0.0584
978.5, 0.0556, 0.0455, 0.0585
979.0, 0.0556, 0.0456, 0.0585
979.5, 0.0556, 0.0456, 0.0585
980.0, 0.0556, 0.0456, 0.0586
980.5, 0.0557, 0.0456, 0.0586
981.0, 0.0557, 0.0456, 0.0586
981.5, 0.0557, 0.0457, 0.0587
982.0, 0.0557, 0.0457, 0.0587
982.5, 0.0557, 0.0457, 0.0587
983.0, 0.0558, 0.0457, 0.0588
983.5, 0.0558, 0.0457, 0.0588
984.0, 0.0558, 0.0458, 0.0588
984.5, 0.0558, 0.0458, 0.0589
985.0, 0.0558, 0.0458, 0.0589
985.5, 0.0558, 0.0458, 0.0589
986.0, 0.0559, 0.0458, 0.0590
986.5, 0.0559, 0.0459, 0.0590
987.0, 0.0559, 0.0459, 0.0590
987.5, 0.0559, 0.0459, 0.0591
988.0, 0.0559, 0.0459, 0.0591
988.5, 0.0560, 0.0459, 0.0591
989.0, 0.0560, 0.0460, 0.0591
989.5, 0.0560, 0.0460, 0.0592
990.0, 0.0560, 0.0460, 0.0592
990.5, 0.0560, 0.0460, 0.0592
991.0, 0.0560, 0.0460, 0.0593
991.5, 0.0561, 0.0460, 0.0593
992.0, 0.0561, 0.0461, 0.0593
992.5, 0.0561, 0.0461, 0.0594
993.0, 0.0561, 0.0461, 0.0594
993.5, 0.0561, 0.0461, 0.0594
994.0, 0.0562, 0.0461, 0.0595
994.5, 0.0562, 0.0462, 0.0595
995.0, 0.0562, 0.0462, 0.0595
995.5, 0.0562, 0.0462, 0.0596
996.0, 0.0562, 0.0462, 0.0596
996.5, 0.0562, 0.0462, 0.0596
997.0, 0.0563, 0.0463, 0.0597
997.5, 0.0563, 0.0463, 0.0597
998.0, 0.0563, 0.0463, 0.0597
998.5, 0.0563, 0.0463, 0.0598
999.0, 0.0563, 0.0463, 0.0598
999.5, 0.0563, 0.0463, 0.0598
1000.0, 0.0564, 0.0464, 0.0599
Power Consumed (Wh)
Wheel 1, 0.0165
Wheel 2, 0.0115
Wheel 3, 0.0168
